id,audio_file,text,contest_type,sample_type,wpm,condition,duration
0,morse_000000.wav,GU0FTZ 599 ?,ARRLDX,partial,21,contest_poor,10.6029375
1,morse_000001.wav,GJ2ZZ?,FIELD_DAY,partial,38,contest_good,3.4085625
2,morse_000002.wav,VY9XU?,CQWPX,partial,28,contest_poor,4.2408125
3,morse_000003.wav,CQ TEST CQ TEST DE GJ6JB GJ6JB K GJ6JB 4T059 A 76 ID PU2WO 4010 B 40 NV GL TU QRZ? PU2WO,SWEEPSTAKES,qso,15,contest_good,92.280875
4,morse_000004.wav,JB7BX 599 ?,IARU,partial,40,clean,5.7294375
5,morse_000005.wav,CQ SWEEPSTAKES CQ SWEEPSTAKES DE VA5MK1 VA5MK1 K VA5MK1 DE JR1YBO T049 A 85 WMA K 1646 B 52 SK GL TU QRZ? JR1YBO,SWEEPSTAKES,qso,39,dx_expedition,42.105625
6,morse_000006.wav,CQ CQ CQ DE VA0UA VA0UA VA0UA VA0UA DE IQ6QHN 599 1500 K NR? NR? VA0UA DE IQ6QHN 599 1500 K TU 599 1500 VA0UA QSL TU TEST IQ6QHN,ARRLDX,qso,19,dx_expedition,105.9701875
7,morse_000007.wav,CQ CQWW CQ CQWW DE PT7QAE PT7QAE K PT7QAE UB8GOY 599 39 UB8G? UB8G? PT7QAE UB8GOY 599 39 TU 599 5 PT7QAE QSL TU TEST UB8GOY,CQWW,qso,20,contest_good,95.150875
8,morse_000008.wav,AF5K 5353 M 22 CO,SWEEPSTAKES,exchange,31,clean,9.3639375
9,morse_000009.wav,F8QQ 7270 AL IN,SPRINT,exchange,16,contest_moderate,15.939125
10,morse_000010.wav,EB4?,FIELD_DAY,partial,21,contest_moderate,3.5119375
11,morse_000011.wav,TEST KA1ZCG KA1ZCG TEST,IARU,cq,25,contest_poor,12.3419375
12,morse_000012.wav,TEST AE6M AE6M TEST AE6M DE RL8UZ 599 38 K TU 559 40 AE6M TU QRZ? RL8UZ,CQWW,qso,30,dx_expedition,33.3696875
13,morse_000013.wav,CQ CQ CQ DE JE9OS JE9OS JE9OS,CQWW,cq,30,dx_expedition,15.6006875
14,morse_000014.wav,VK8HWZ 599 40,CQWW,exchange,18,contest_moderate,13.2421875
15,morse_000015.wav,TEST JR8RRW JR8RRW TEST JR8RRW DJ9HL 6623 B 22 NM QRZ? DE JR8RRW JR8RRW DJ9HL 6623 B 22 NM R 9164 A 65 VI TU QSL TU TEST DJ9HL,SWEEPSTAKES,qso,25,contest_moderate,76.1891875
16,morse_000016.wav,CQ CQ CQ DE VA3JJD VA3JJD VA3JJD,SPRINT,cq,21,contest_good,24.6096875
17,morse_000017.wav,ZV5SF 599 48,IARU,exchange,20,dx_expedition,10.3314375
18,morse_000018.wav,JD0?,IARU,partial,40,clean,2.66175
19,morse_000019.wav,WQ5W 1A VA,FIELD_DAY,exchange,20,contest_poor,8.095125
20,morse_000020.wav,JA8TM 5B ?,FIELD_DAY,partial,39,contest_moderate,4.2820625
21,morse_000021.wav,AI6XJW 599 ?,CQWW,partial,25,contest_moderate,8.5391875
22,morse_000022.wav,WI6?,CQWW,partial,36,contest_poor,1.931875
23,morse_000023.wav,AF2ZHJ 599 34,CQWW,exchange,26,contest_good,9.29325
24,morse_000024.wav,DC1FET 599 ?,ARRLDX,partial,31,contest_good,6.49725
25,morse_000025.wav,TEST EG2ES EG2ES TEST,NAQP,cq,29,clean,7.8904375
26,morse_000026.wav,JM6RNA 6870 ?,SWEEPSTAKES,partial,17,dx_expedition,13.13575
27,morse_000027.wav,CQ CQ CQ DE AB2NV AB2NV AB2NV,ARRLDX,cq,39,dx_expedition,11.471875
28,morse_000028.wav,CQ CQ CQ DE NB5O4 NB5O4 NB5O4 NB5O4 DE VA3QHX 599 76 K QRZ? DE NB5O4 NB5O4 DE VA3QHX 599 76 K 599 61 GL TU QRZ? VA3QHX,IARU,qso,34,dx_expedition,54.8735
29,morse_000029.wav,F5H?,CQWW,partial,37,contest_poor,2.0786875
30,morse_000030.wav,I3?,CQWPX,partial,18,contest_moderate,3.35325
31,morse_000031.wav,DN1HX JIM OR,NAQP,exchange,17,clean,10.8144375
32,morse_000032.wav,IW5TJA 5B ?,FIELD_DAY,partial,37,dx_expedition,4.4503125
33,morse_000033.wav,RE8RT SUE ?,NAQP,partial,37,clean,4.368
34,morse_000034.wav,AZ?,SWEEPSTAKES,partial,28,contest_good,2.1698125
35,morse_000035.wav,WR6G 599 17,CQWW,exchange,38,contest_moderate,5.68825
36,morse_000036.wav,CQ CQ CQ DE RN5HFN RN5HFN RN5HFN RN5HFN 599 KW DH5VQ 599 1500 GL 73 GL DH5VQ TEST,ARRLDX,qso,20,contest_good,60.917875
37,morse_000037.wav,PS9VLV 599 ?,ARRLDX,partial,15,clean,14.2393125
38,morse_000038.wav,TEST DE2OH DE2OH TEST DE2OH UA0PR 599 7627 R 599 2891 TU 73 GL UA0PR TEST,CQWPX,qso,29,dx_expedition,38.0084375
39,morse_000039.wav,CQ CQ CQ DE JG3OTN JG3OTN JG3OTN JG3OTN DA3EUK 599 KW TU 599 KW JG3OTN 73 GL DA3EUK TEST,ARRLDX,qso,16,contest_poor,81.6453125
40,morse_000040.wav,DF6MU 4963 ?,SPRINT,partial,20,clean,10.638
41,morse_000041.wav,CQ TEST CQ TEST DE VK2MPKT VK2MPKT K,NAQP,cq,32,contest_good,15.324125
42,morse_000042.wav,JR9ZT?,NAQP,partial,22,contest_good,5.1915625
43,morse_000043.wav,JN?,FIELD_DAY,partial,26,dx_expedition,2.4125625
44,morse_000044.wav,LU5J3 599 33,CQWW,exchange,26,clean,8.8415
45,morse_000045.wav,CQ CQ CQ DE LU6SPW LU6SPW LU6SPW,CQWW,cq,27,contest_good,18.046625
46,morse_000046.wav,CQ TEST CQ TEST DE JM8OAL JM8OAL K,SWEEPSTAKES,cq,40,contest_poor,11.8789375
47,morse_000047.wav,DL1EA JIM MA,NAQP,exchange,37,dx_expedition,4.64975
48,morse_000048.wav,TEST JN9UI JN9UI TEST JN9UI DE DP7OE 599 67 K R 599 54 TU QSL TU TEST DP7OE,IARU,qso,25,clean,42.048
49,morse_000049.wav,W4?,SPRINT,partial,37,contest_poor,2.114
50,morse_000050.wav,TEST IK6YOZ IK6YOZ TEST IK6YOZ DE I2UBU 4488 B 81 GA K I2? I2? IK6YOZ DE I2UBU 4488 B 81 GA K 8197 A 13 NH GL QSL TU TEST I2UBU,SWEEPSTAKES,qso,38,contest_good,50.777125
51,morse_000051.wav,VO5XO 599 6T318,CQWPX,exchange,20,contest_moderate,13.7823125
52,morse_000052.wav,NV0J 4204 B 04 AR,SWEEPSTAKES,exchange,36,clean,8.6059375
53,morse_000053.wav,KP3Y 4T078 A 46 SB,SWEEPSTAKES,exchange,22,dx_expedition,13.8789375
54,morse_000054.wav,CQ TEST CQ TEST DE EG3G2 EG3G2 K EG3G2 ZX4OR 6T299 B 40 STX 3T400 A 15 WY GL 73 GL ZX4OR TEST,SWEEPSTAKES,qso,24,contest_good,58.8141875
55,morse_000055.wav,TEST AI8EKK AI8EKK TEST AI8EKK 599 9445 WF8Z NR? NR? AI8EKK 599 9445 WF8Z TU 599 T817 AI8EKK 73 GL WF8Z TEST,CQWPX,qso,21,contest_poor,75.59725
56,morse_000056.wav,CQ CQ CQ DE NA3D NA3D NA3D NA3D DE VK4I6 4943 A 15 SNJ K R 8T595 B 90 AK TU TU QRZ? VK4I6,SWEEPSTAKES,qso,31,contest_poor,43.361875
57,morse_000057.wav,CQ CQ CQ DE JK1JZL JK1JZL JK1JZL JK1JZL LIZ LA EG1BN NR? NR? JK1JZL LIZ LA EG1BN TU ED KS JK1JZL TU QRZ? EG1BN,NAQP,qso,19,contest_good,91.033125
58,morse_000058.wav,CQ TEST CQ TEST DE VK0ZHZA VK0ZHZA K VK0ZHZA 2860 ED ID GW1VC 9T819 MARK OK GL QSL TU SPRINT GW1VC,SPRINT,qso,19,dx_expedition,76.366875
59,morse_000059.wav,CQ TEST CQ TEST DE AC6SX AC6SX K AC6SX 599 19 IK2MB AC6SX AGN AC6SX 599 19 IK2MB R 579 32 TU QSL TU TEST IK2MB,CQWW,qso,28,contest_poor,58.074
60,morse_000060.wav,JG1FA 4726 RON GA,SPRINT,exchange,28,contest_poor,10.0481875
61,morse_000061.wav,CQ TEST CQ TEST DE DK3LE DK3LE K,IARU,cq,27,contest_moderate,15.599125
62,morse_000062.wav,CQ CQ CQ DE NQ7CNX NQ7CNX NQ7CNX NQ7CNX DE VE2QP 599 7959 K 599 9537 GL TU QRZ? VE2QP,CQWPX,qso,17,dx_expedition,81.2639375
63,morse_000063.wav,CQ TEST CQ TEST DE RB0PW RB0PW K RB0PW JQ8SV DAVE SD LARRY MD GL TU QRZ? JQ8SV,NAQP,qso,20,clean,57.118625
64,morse_000064.wav,CQ TEST CQ TEST DE DL0BGI DL0BGI K,SWEEPSTAKES,cq,25,contest_poor,18.51775
65,morse_000065.wav,TEST F7CB F7CB TEST F7CB DE EA4FC 599 17 K 599 34 GL 73 GL EA4FC TEST,CQWW,qso,37,contest_good,27.5929375
66,morse_000066.wav,VO6V?,CQWPX,partial,32,dx_expedition,3.20375
67,morse_000067.wav,TEST GJ2EAH GJ2EAH TEST GJ2EAH JC0OL AL CA BOB AK GL TU QRZ? JC0OL,NAQP,qso,30,contest_poor,32.1350625
68,morse_000068.wav,CQ CQ CQ DE M09RKG M09RKG M09RKG M09RKG DE VK5IX LYNN DC K JIM NV GL QSL TU TEST VK5IX,NAQP,qso,35,contest_moderate,37.0706875
69,morse_000069.wav,DO5DQ 579 KW,ARRLDX,exchange,24,dx_expedition,8.777375
70,morse_000070.wav,IK3RW?,ARRLDX,partial,27,dx_expedition,3.712375
71,morse_000071.wav,CQ SPRINT CQ SPRINT DE EB4OL EB4OL K EB4OL 4983 MARY LA AE1UM 7878 JANE AL GL QSL TU TEST AE1UM,SPRINT,qso,27,contest_moderate,49.06875
72,morse_000072.wav,IW9WJ?,CQWW,partial,40,contest_moderate,2.961375
73,morse_000073.wav,TEST DO6WRK DO6WRK TEST DO6WRK NS2JF 2A OK R 2B VA TU TU QRZ? NS2JF,FIELD_DAY,qso,15,contest_good,63.2523125
74,morse_000074.wav,TEST KJ8R KJ8R TEST KJ8R DN8ZWY SAM KY NR? NR? KJ8R DN8ZWY SAM KY TU STEVE CO KJ8R QSL TU TEST DN8ZWY,NAQP,qso,38,contest_good,38.2723125
75,morse_000075.wav,TEST NC0CA NC0CA TEST,SWEEPSTAKES,cq,15,dx_expedition,18.4746875
76,morse_000076.wav,TEST VO5LTT VO5LTT TEST VO5LTT 599 KW VA9NAL R 599 1500 TU TU QRZ? VA9NAL,ARRLDX,qso,24,contest_poor,44.2134375
77,morse_000077.wav,DC0YX 599 25,CQWW,exchange,21,contest_moderate,11.2009375
78,morse_000078.wav,DQ1A9 LYNN HI,NAQP,exchange,24,contest_moderate,8.4145625
79,morse_000079.wav,CQ SPRINT CQ SPRINT DE JL7RW JL7RW K JL7RW 2T625 JACK NV GW2LZD R 5872 RON TX TU 73 GL GW2LZD TEST,SPRINT,qso,36,dx_expedition,40.146375
80,morse_000080.wav,CQ TEST CQ TEST DE DA7FVX DA7FVX K DA7FVX EG2LZ 5T914 KEN AZ R 7225 JOHN DC TU TU QRZ? EG2LZ,SPRINT,qso,15,contest_moderate,88.8355
81,morse_000081.wav,WB?,FIELD_DAY,partial,36,contest_poor,1.8953125
82,morse_000082.wav,TEST DB1LBZ DB1LBZ TEST,CQWPX,cq,39,dx_expedition,8.298625
83,morse_000083.wav,VY4CEN 599 ?,IARU,partial,31,contest_moderate,6.71075
84,morse_000084.wav,DC2BMZ 2304 TOM RI,SPRINT,exchange,31,contest_moderate,9.577875
85,morse_000085.wav,JM8KLP 599 1500,ARRLDX,exchange,37,clean,8.4673125
86,morse_000086.wav,LU9?,CQWPX,partial,32,dx_expedition,2.494375
87,morse_000087.wav,CQ CQ CQ DE EE3IJO EE3IJO EE3IJO,NAQP,cq,39,dx_expedition,11.974
88,morse_000088.wav,GJ?,SPRINT,partial,19,contest_moderate,3.496375
89,morse_000089.wav,DB6GI?,SPRINT,partial,30,contest_good,3.6549375
90,morse_000090.wav,AJ5?,SPRINT,partial,23,contest_moderate,3.1748125
91,morse_000091.wav,RK9OYQ 599 ?,IARU,partial,36,dx_expedition,6.77225
92,morse_000092.wav,KP0G?,ARRLDX,partial,23,dx_expedition,4.8388125
93,morse_000093.wav,JM7IBL 599 32,CQWW,exchange,32,contest_good,7.497625
94,morse_000094.wav,VY5DI 599 ?,CQWPX,partial,23,contest_poor,8.3705
95,morse_000095.wav,CQ CQ CQ DE PS3JJL PS3JJL PS3JJL PS3JJL ART AK NG9B TU SUE CA PS3JJL QSL TU TEST NG9B,NAQP,qso,33,clean,38.3128125
96,morse_000096.wav,CQ CQWPX CQ CQWPX DE KM6XW KM6XW K KM6XW DE GM9CK 559 3T227 K R 599 8429 TU 73 GL GM9CK TEST,CQWPX,qso,21,clean,69.643875
97,morse_000097.wav,CQ TEST CQ TEST DE WQ4MQ WQ4MQ K,SWEEPSTAKES,cq,34,clean,13.548625
98,morse_000098.wav,UD?,SPRINT,partial,23,contest_moderate,2.3833125
99,morse_000099.wav,TEST AF2CC AF2CC TEST AF2CC 599 40 PS0EWN TU 599 14 AF2CC QSL TU TEST PS0EWN,CQWW,qso,17,contest_poor,65.8708125
100,morse_000100.wav,DB5IO 554 KATE AR,SPRINT,exchange,15,clean,14.469
101,morse_000101.wav,TEST VA9UO VA9UO TEST,SWEEPSTAKES,cq,36,dx_expedition,7.885375
102,morse_000102.wav,CQ CQ CQ DE JI8SH JI8SH JI8SH,SWEEPSTAKES,cq,29,clean,15.4885625
103,morse_000103.wav,TEST IQ5TP IQ5TP TEST IQ5TP DE RQ9IDL RON WI K R DAVE OK TU 73 GL RQ9IDL TEST,NAQP,qso,22,clean,46.3279375
104,morse_000104.wav,KS9DLB 599 ?,IARU,partial,28,contest_poor,7.4425
105,morse_000105.wav,CQ TEST CQ TEST DE VK9GAF VK9GAF K VK9GAF NA3NF 599 UT CALL? VK9GAF NA3NF 599 UT TU 599 100 VK9GAF QSL TU ARRLDX NA3NF,ARRLDX,qso,23,dx_expedition,76.0583125
106,morse_000106.wav,KC6?,NAQP,partial,15,dx_expedition,5.16675
107,morse_000107.wav,TEST JM6F6 JM6F6 TEST JM6F6 DE GW3WN 5526 B 28 NNY K TU 1972 B 77 EWA JM6F6 73 GL GW3WN TEST,SWEEPSTAKES,qso,39,clean,34.9586875
108,morse_000108.wav,CQ CQ CQ DE EB6JW8 EB6JW8 EB6JW8 EB6JW8 5T671 A 01 NFL JF3MD TU 5634 Q 35 NFL EB6JW8 TU QRZ? JF3MD,SWEEPSTAKES,qso,24,dx_expedition,64.3735
109,morse_000109.wav,EH4OB 4A OH,FIELD_DAY,exchange,31,contest_moderate,5.36375
110,morse_000110.wav,GW9ZR 6959 ?,SWEEPSTAKES,partial,24,dx_expedition,9.38375
111,morse_000111.wav,IQ4LLF 599 KW,ARRLDX,exchange,19,contest_poor,11.429
112,morse_000112.wav,JH6BO?,IARU,partial,20,contest_poor,5.3949375
113,morse_000113.wav,PV7QH 599 6839,CQWPX,exchange,25,clean,10.778625
114,morse_000114.wav,TEST JQ9XDK JQ9XDK TEST,SWEEPSTAKES,cq,17,contest_poor,19.2975
115,morse_000115.wav,WF7EY 599 829,CQWPX,exchange,15,contest_good,15.951125
116,morse_000116.wav,TEST KG2U KG2U TEST KG2U DE EA4YG 599 T299 K KG2U AGN KG2U DE EA4YG 599 T299 K 599 3696 GL TU QRZ? EA4YG,CQWPX,qso,35,clean,45.5869375
117,morse_000117.wav,M19RT 1563 JOHN ME,SPRINT,exchange,37,contest_good,7.7685
118,morse_000118.wav,CQ TEST CQ TEST DE KG3QJ KG3QJ K KG3QJ DE JR6LTL 8558 B 98 MN K TU 6204 B 37 OR KG3QJ QSL TU TEST JR6LTL,SWEEPSTAKES,qso,29,contest_moderate,53.81225
119,morse_000119.wav,CQ CQ CQ DE DR2ZT DR2ZT DR2ZT,ARRLDX,cq,31,contest_good,14.7840625
120,morse_000120.wav,CQ IARU CQ IARU DE N2O N2O K N2O IU9FIO 559 54 599 89 GL 73 GL IU9FIO TEST,IARU,qso,20,contest_good,56.046875
121,morse_000121.wav,CQ TEST CQ TEST DE NA3PGX NA3PGX K,SPRINT,cq,22,clean,20.8094375
122,morse_000122.wav,CQ CQ CQ DE IQ7FK IQ7FK IQ7FK,NAQP,cq,38,contest_good,12.2803125
123,morse_000123.wav,CQ TEST CQ TEST DE JQ0MJL JQ0MJL K,IARU,cq,20,contest_poor,25.24575
124,morse_000124.wav,CQ CQ CQ DE VY0AA VY0AA VY0AA VY0AA DE JR4DCK 9446 M 45 NNY K TU 8745 B 07 AZ VY0AA QSL TU TEST JR4DCK,SWEEPSTAKES,qso,23,contest_moderate,68.415375
125,morse_000125.wav,F2LVK 3431 PAT MA,SPRINT,exchange,22,contest_poor,12.4155
126,morse_000126.wav,DM2RL?,IARU,partial,22,contest_good,4.9150625
127,morse_000127.wav,CQ CQ CQ DE DR6GAN DR6GAN DR6GAN,NAQP,cq,15,clean,29.86675
128,morse_000128.wav,TEST EC8QOV EC8QOV TEST EC8QOV 599 46 PX8WED QRZ? DE EC8QOV EC8QOV 599 46 PX8WED 599 34 GL TU QRZ? PX8WED,IARU,qso,26,clean,62.811125
129,morse_000129.wav,EC2FAF BEN MN,NAQP,exchange,26,contest_moderate,6.4881875
130,morse_000130.wav,CQ CQ CQ DE LR9OG LR9OG LR9OG,ARRLDX,cq,37,dx_expedition,13.3484375
131,morse_000131.wav,CQ CQ CQ DE PP0BDC PP0BDC PP0BDC PP0BDC 599 2408 LV5IUW 599 5996 GL QSL TU CQWPX LV5IUW,CQWPX,qso,15,clean,96.6423125
132,morse_000132.wav,IK4FPI 2B ?,FIELD_DAY,partial,22,contest_good,8.0568125
133,morse_000133.wav,TEST NQ7D NQ7D TEST NQ7D 599 45 UA7OVP TU 599 64 NQ7D QSL TU IARU UA7OVP,IARU,qso,29,clean,36.543875
134,morse_000134.wav,TEST GU4VM2 GU4VM2 TEST,ARRLDX,cq,16,clean,18.6756875
135,morse_000135.wav,CQ CQ CQ DE VY9QR VY9QR VY9QR VY9QR DI9TLK 599 4389 TU 599 3455 VY9QR 73 GL DI9TLK TEST,CQWPX,qso,33,contest_poor,43.3975625
136,morse_000136.wav,CQ TEST CQ TEST DE DG8LN DG8LN K DG8LN 599 100 IZ0YJA TU 599 1500 DG8LN 73 GL IZ0YJA TEST,ARRLDX,qso,34,contest_good,40.8885
137,morse_000137.wav,KW2FWY 599 ?,CQWPX,partial,23,contest_good,10.0488125
138,morse_000138.wav,NW6U 599 2T735,CQWPX,exchange,36,contest_good,6.8828125
139,morse_000139.wav,JB5HIM 599 4T115,CQWPX,exchange,21,dx_expedition,12.81925
140,morse_000140.wav,EF7MU 5A SF,FIELD_DAY,exchange,37,dx_expedition,4.4595
141,morse_000141.wav,DE5VB 9T817 RICK AL,SPRINT,exchange,23,contest_good,12.7513125
142,morse_000142.wav,TEST JL6M3 JL6M3 TEST JL6M3 DF1KL 579 100 CALL? JL6M3 DF1KL 579 100 R 599 1500 TU 73 GL DF1KL TEST,ARRLDX,qso,28,contest_moderate,57.2258125
143,morse_000143.wav,TEST NL6I NL6I TEST NL6I IK0CFW 2661 B 42 NE 6175 A 95 SJV GL 73 GL IK0CFW TEST,SWEEPSTAKES,qso,36,contest_moderate,31.7088125
144,morse_000144.wav,NI0SF 4T204 A 45 RI,SWEEPSTAKES,exchange,19,contest_poor,15.0325
145,morse_000145.wav,DB5TJ 6F ME,FIELD_DAY,exchange,38,contest_moderate,4.268375
146,morse_000146.wav,IQ5MJN 2T311 S 32 PAC,SWEEPSTAKES,exchange,35,contest_moderate,10.1145625
147,morse_000147.wav,CQ TEST CQ TEST DE AZ7FBL AZ7FBL K,IARU,cq,38,contest_good,12.704625
148,morse_000148.wav,UI2OI5 599 3527,CQWPX,exchange,29,contest_moderate,8.92825
149,morse_000149.wav,CQ TEST CQ TEST DE JM1UCA JM1UCA K JM1UCA 599 KW G0ONG TU 589 100 JM1UCA 73 GL G0ONG TEST,ARRLDX,qso,35,clean,39.581
150,morse_000150.wav,IQ?,SWEEPSTAKES,partial,20,contest_poor,2.979625
151,morse_000151.wav,CQ CQ CQ DE JA6JJQ JA6JJQ JA6JJQ,SWEEPSTAKES,cq,40,dx_expedition,14.100375
152,morse_000152.wav,TEST F7OSU F7OSU TEST,CQWW,cq,15,clean,17.38125
153,morse_000153.wav,CQ NAQP CQ NAQP DE ED8LA ED8LA K ED8LA RR1PA JACK AZ FRANK FL GL 73 GL RR1PA TEST,NAQP,qso,34,contest_poor,34.0366875
154,morse_000154.wav,TEST DE0DJ DE0DJ TEST DE0DJ DG8PTX 2A VA TU 5A ORG DE0DJ QSL TU TEST DG8PTX,FIELD_DAY,qso,29,contest_poor,35.47225
155,morse_000155.wav,LS8SS 599 ?,IARU,partial,36,contest_moderate,5.4346875
156,morse_000156.wav,CQ CQ CQ DE RF9AFI RF9AFI RF9AFI,SWEEPSTAKES,cq,33,contest_good,14.5925
157,morse_000157.wav,CQ TEST CQ TEST DE RK6KYO RK6KYO K,IARU,cq,34,contest_poor,14.4145625
158,morse_000158.wav,CQ CQ CQ DE JF0FDH JF0FDH JF0FDH JF0FDH DK1BST 1786 A 07 EPA TU 9086 M 89 SJV JF0FDH TU QRZ? DK1BST,SWEEPSTAKES,qso,18,contest_moderate,89.207
159,morse_000159.wav,JG8AIF 599 ?,CQWW,partial,36,contest_poor,6.1166875
160,morse_000160.wav,RU?,SPRINT,partial,30,contest_poor,1.9291875
161,morse_000161.wav,LP7BTR 599 ?,IARU,partial,21,dx_expedition,9.9225
162,morse_000162.wav,WO0J6 599 13,CQWW,exchange,37,dx_expedition,7.0190625
163,morse_000163.wav,RE0AFA ANN VT,NAQP,exchange,21,contest_poor,7.95475
164,morse_000164.wav,AA1L?,SPRINT,partial,35,dx_expedition,2.8085
165,morse_000165.wav,CQ TEST CQ TEST DE LP8WLD LP8WLD K LP8WLD IQ6SP 9969 B 73 ENY TU 3499 B 35 NH LP8WLD QSL TU TEST IQ6SP,SWEEPSTAKES,qso,22,contest_good,68.4868125
166,morse_000166.wav,TEST LS3LN LS3LN TEST,CQWW,cq,34,contest_good,7.577
167,morse_000167.wav,KM3SD 7899 GARY DE,SPRINT,exchange,25,dx_expedition,11.863625
168,morse_000168.wav,TEST JL2KG JL2KG TEST JL2KG IW8YW 9730 B 49 TN TU 7T535 B 86 WWA JL2KG 73 GL IW8YW TEST,SWEEPSTAKES,qso,40,contest_moderate,33.445125
169,morse_000169.wav,CQ CQ CQ DE KU9G KU9G KU9G KU9G WJ9GSV 559 4 TU 599 34 KU9G QSL TU TEST WJ9GSV,CQWW,qso,38,clean,32.8425625
170,morse_000170.wav,VE?,CQWPX,partial,25,clean,1.8463125
171,morse_000171.wav,CQ ARRLDX CQ ARRLDX DE DD1IU DD1IU K DD1IU DE JD2MC 599 1500 K R 599 1500 TU TU QRZ? JD2MC,ARRLDX,qso,32,contest_moderate,44.8839375
172,morse_000172.wav,TEST EC8OJ EC8OJ TEST EC8OJ 599 16 JA3MS 599 9 GL TU QRZ? JA3MS,CQWW,qso,26,contest_good,37.2961875
173,morse_000173.wav,IU?,SPRINT,partial,38,clean,1.6346875
174,morse_000174.wav,RH7GRM 9781 ?,SWEEPSTAKES,partial,15,dx_expedition,15.0835625
175,morse_000175.wav,CQ TEST CQ TEST DE AI6G AI6G K,CQWPX,cq,17,clean,22.5695
176,morse_000176.wav,TEST 2E1EMF 2E1EMF TEST 2E1EMF DE WX2ALN TOM KY K WX? WX? 2E1EMF DE WX2ALN TOM KY K TU CARL IN 2E1EMF 73 GL WX2ALN TEST,NAQP,qso,16,contest_moderate,102.257875
177,morse_000177.wav,JF9?,FIELD_DAY,partial,22,contest_good,4.15125
178,morse_000178.wav,CQ CQ CQ DE JJ1R6 JJ1R6 JJ1R6 JJ1R6 KT1RXW MARK ND GEORGE SD GL QSL TU TEST KT1RXW,NAQP,qso,40,dx_expedition,31.07825
179,morse_000179.wav,AF?,FIELD_DAY,partial,34,contest_good,1.8245625
180,morse_000180.wav,RP?,CQWW,partial,32,clean,2.0795625
181,morse_000181.wav,CQ TEST CQ TEST DE JN2WB JN2WB K JN2WB DICK NY GM7ED4 TU PAT OK JN2WB TU QRZ? GM7ED4,NAQP,qso,39,dx_expedition,31.020125
182,morse_000182.wav,LS2W?,CQWW,partial,26,clean,3.705
183,morse_000183.wav,TEST PP9HM PP9HM TEST PP9HM 599 6 VE1FPI 599 2 GL QSL TU CQWW VE1FPI,CQWW,qso,24,contest_poor,42.8691875
184,morse_000184.wav,NY2OG 1A WY,FIELD_DAY,exchange,40,contest_moderate,5.161
185,morse_000185.wav,VY4WJ 599 5,ARRLDX,exchange,30,contest_good,7.0141875
186,morse_000186.wav,CQ TEST CQ TEST DE VE2FW2 VE2FW2 K VE2FW2 DE M16ND 599 30 K 559 33 GL 73 GL M16ND TEST,CQWW,qso,24,clean,53.091375
187,morse_000187.wav,TEST IK2ZJB IK2ZJB TEST IK2ZJB IU7DEM 6A SK TU 5B TN IK2ZJB QSL TU TEST IU7DEM,FIELD_DAY,qso,17,dx_expedition,60.3516875
188,morse_000188.wav,CQ CQ CQ DE JM0FD JM0FD JM0FD,NAQP,cq,18,dx_expedition,26.930625
189,morse_000189.wav,TEST VA3ME VA3ME TEST VA3ME F9RW 3A NFL 3A IA GL 73 GL F9RW TEST,FIELD_DAY,qso,21,clean,40.4921875
190,morse_000190.wav,CQ CQ CQ DE DN9ZF DN9ZF DN9ZF DN9ZF 599 36 LQ4LD TU 599 2 DN9ZF TU QRZ? LQ4LD,CQWW,qso,25,dx_expedition,50.302375
191,morse_000191.wav,CQ CQ CQ DE KO7ZKV KO7ZKV KO7ZKV,CQWPX,cq,21,clean,24.7164375
192,morse_000192.wav,JH8N4 TOM LA,NAQP,exchange,23,contest_poor,7.8009375
193,morse_000193.wav,CQ CQ CQ DE K0GY K0GY K0GY,CQWW,cq,15,dx_expedition,30.1739375
194,morse_000194.wav,CQ CQ CQ DE DG0RP DG0RP DG0RP DG0RP 599 KW VY7ABI R 599 KW TU 73 GL VY7ABI TEST,ARRLDX,qso,30,contest_poor,41.05375
195,morse_000195.wav,CQ CQ CQ DE DP0JA DP0JA DP0JA,CQWPX,cq,34,contest_poor,14.5913125
196,morse_000196.wav,TEST JR0UF JR0UF TEST JR0UF DE WT9VUT 2T427 PAUL GA K R 3467 PETE WA TU TU QRZ? WT9VUT,SPRINT,qso,20,dx_expedition,60.9235625
197,morse_000197.wav,NI0?,ARRLDX,partial,30,contest_poor,2.6146875
198,morse_000198.wav,CQ CQ CQ DE NQ6PY NQ6PY NQ6PY NQ6PY DE EE2QY 599 21 K TU 599 30 NQ6PY TU QRZ? EE2QY,CQWW,qso,33,dx_expedition,41.13275
199,morse_000199.wav,CQ CQ CQ DE VA5CUD VA5CUD VA5CUD VA5CUD DE F0CYR 599 2 K TU 599 31 VA5CUD TU QRZ? F0CYR,IARU,qso,39,contest_moderate,34.9286875
200,morse_000200.wav,CQ TEST CQ TEST DE LS5IX LS5IX K LS5IX DE NI9TGY 599 149 K QRZ? DE LS5IX LS5IX DE NI9TGY 599 149 K R 599 3918 TU QSL TU TEST NI9TGY,CQWPX,qso,34,contest_good,56.1855
201,morse_000201.wav,RQ4C?,CQWW,partial,35,contest_good,2.860125
202,morse_000202.wav,CQ CQ CQ DE DN6EBD DN6EBD DN6EBD DN6EBD GD7SYN 599 1096 R 599 9278 TU TU QRZ? GD7SYN,CQWPX,qso,33,contest_good,39.1505625
203,morse_000203.wav,GI4KHM 1403 KEN VT,SPRINT,exchange,30,contest_poor,9.521125
204,morse_000204.wav,TEST LP4AJ LP4AJ TEST LP4AJ JL2CP 599 58 QRZ? DE LP4AJ LP4AJ JL2CP 599 58 TU 599 51 LP4AJ QSL TU TEST JL2CP,IARU,qso,17,clean,97.198875
205,morse_000205.wav,TEST EF9BNZ EF9BNZ TEST,CQWW,cq,27,contest_poor,10.6758125
206,morse_000206.wav,TEST AG7A AG7A TEST AG7A 3876 A 14 BC M56LDG R 5T025 A 38 NFL TU 73 GL M56LDG TEST,SWEEPSTAKES,qso,23,contest_poor,50.572
207,morse_000207.wav,CQ TEST CQ TEST DE UB2VH UB2VH K UB2VH 2A LAX NY8EWW UB2VH AGN UB2VH 2A LAX NY8EWW TU 2A EPA UB2VH TU QRZ? NY8EWW,FIELD_DAY,qso,39,clean,41.661375
208,morse_000208.wav,TEST DN6NDW DN6NDW TEST,ARRLDX,cq,22,contest_moderate,12.0205625
209,morse_000209.wav,CQ CQ CQ DE NK9BWA NK9BWA NK9BWA,NAQP,cq,18,contest_moderate,27.3730625
210,morse_000210.wav,CQ CQ CQ DE EF9FNO EF9FNO EF9FNO,IARU,cq,35,contest_moderate,14.1095
211,morse_000211.wav,CQ TEST CQ TEST DE VO9EP VO9EP K,ARRLDX,cq,39,clean,11.5513125
212,morse_000212.wav,TEST IK8ZG IK8ZG TEST,CQWW,cq,38,contest_moderate,7.3188125
213,morse_000213.wav,TEST RG2FT RG2FT TEST,CQWPX,cq,21,dx_expedition,12.5093125
214,morse_000214.wav,2E6SJL 599 ?,IARU,partial,31,contest_poor,7.128875
215,morse_000215.wav,IZ6XY 569 88,IARU,exchange,26,contest_moderate,8.1423125
216,morse_000216.wav,DM0IR 599 ?,CQWPX,partial,27,clean,7.1664375
217,morse_000217.wav,CQ TEST CQ TEST DE VE9ER VE9ER K VE9ER 599 2798 KQ7L TU 599 4646 VE9ER TU QRZ? KQ7L,CQWPX,qso,31,contest_moderate,39.891625
218,morse_000218.wav,WU4LSZ 599 38,CQWW,exchange,28,contest_good,8.6545625
219,morse_000219.wav,DN1X?,NAQP,partial,38,dx_expedition,2.4223125
220,morse_000220.wav,TEST JR7YS4 JR7YS4 TEST,SWEEPSTAKES,cq,31,contest_poor,10.1779375
221,morse_000221.wav,JP?,CQWW,partial,19,contest_good,3.582875
222,morse_000222.wav,M1?,SWEEPSTAKES,partial,15,clean,3.9919375
223,morse_000223.wav,N5F 599 ID,ARRLDX,exchange,39,contest_moderate,4.749375
224,morse_000224.wav,DK4TYN 599 ?,CQWPX,partial,17,contest_poor,12.04975
225,morse_000225.wav,IK8O7 3A SC,FIELD_DAY,exchange,19,clean,9.18625
226,morse_000226.wav,RK9F1 599 ?,ARRLDX,partial,36,contest_good,6.186375
227,morse_000227.wav,JP1YFS 2B ?,FIELD_DAY,partial,16,contest_poor,12.131125
228,morse_000228.wav,CQ TEST CQ TEST DE GM3AAU GM3AAU K,FIELD_DAY,cq,28,clean,15.6578125
229,morse_000229.wav,TEST JH2YVD JH2YVD TEST,ARRLDX,cq,36,contest_good,9.1443125
230,morse_000230.wav,VK?,ARRLDX,partial,39,dx_expedition,2.012625
231,morse_000231.wav,2E7UW 8870 JANE WI,SPRINT,exchange,30,dx_expedition,9.895875
232,morse_000232.wav,JL9HU 6409 ?,SPRINT,partial,15,contest_moderate,14.8535
233,morse_000233.wav,DH3K7 599 8664,CQWPX,exchange,36,dx_expedition,7.507875
234,morse_000234.wav,I8XHV DAN ND,NAQP,exchange,34,contest_poor,5.041375
235,morse_000235.wav,CQ CQ CQ DE ZV0LR ZV0LR ZV0LR,NAQP,cq,39,dx_expedition,12.6659375
236,morse_000236.wav,EB3W?,ARRLDX,partial,24,clean,3.70775
237,morse_000237.wav,UB?,CQWPX,partial,19,contest_poor,2.994125
238,morse_000238.wav,K3US 599 ?,IARU,partial,35,clean,5.34225
239,morse_000239.wav,VY8JQI BEN IA,NAQP,exchange,40,contest_moderate,4.939625
240,morse_000240.wav,WU9IF 599 3,CQWW,exchange,40,dx_expedition,5.0521875
241,morse_000241.wav,CQ CQ CQ DE NY3JSW NY3JSW NY3JSW,CQWPX,cq,38,contest_moderate,13.8814375
242,morse_000242.wav,VO1SUP 3179 B 92 WWA,SWEEPSTAKES,exchange,33,contest_poor,10.93925
243,morse_000243.wav,RD4BY 599 ?,ARRLDX,partial,19,contest_poor,10.6615
244,morse_000244.wav,JJ7WV MIKE ?,NAQP,partial,32,clean,5.9935625
245,morse_000245.wav,CQ NAQP CQ NAQP DE JF1LE JF1LE K JF1LE M62TAH RICK SD TU ANN NM JF1LE QSL TU TEST M62TAH,NAQP,qso,37,contest_good,33.972625
246,morse_000246.wav,EG9FEF 9968 A 79 MT,SWEEPSTAKES,exchange,27,dx_expedition,11.841375
247,morse_000247.wav,RG8?,NAQP,partial,17,contest_good,4.48825
248,morse_000248.wav,CQ TEST CQ TEST DE KJ6VKQ KJ6VKQ K KJ6VKQ DE F8KC 579 240 K R 599 7236 TU QSL TU TEST F8KC,CQWPX,qso,22,contest_moderate,62.002125
249,morse_000249.wav,JS0P?,CQWW,partial,31,contest_poor,3.32
250,morse_000250.wav,CQ CQ CQ DE VK5TODE VK5TODE VK5TODE VK5TODE JB9UMQ 599 KW NR? NR? VK5TODE JB9UMQ 599 KW 579 KW GL 73 GL JB9UMQ TEST,ARRLDX,qso,26,clean,66.311875
251,morse_000251.wav,JO9FA JIM ?,NAQP,partial,25,dx_expedition,7.7923125
252,morse_000252.wav,JA9VL?,IARU,partial,38,dx_expedition,3.4255625
253,morse_000253.wav,CQ CQ CQ DE LS7PB LS7PB LS7PB LS7PB DE NT4DI SAM PA K TU JOE CO LS7PB QSL TU NAQP NT4DI,NAQP,qso,37,contest_moderate,33.7325625
254,morse_000254.wav,PV6QM 599 35,CQWW,exchange,28,contest_poor,7.924625
255,morse_000255.wav,CQ CQ CQ DE F5UI F5UI F5UI F5UI DE M31YAG 460 FRED MN K 7586 DAVE HI GL QSL TU TEST M31YAG,SPRINT,qso,28,contest_good,46.1416875
256,morse_000256.wav,TEST JJ5ZIT JJ5ZIT TEST JJ5ZIT 599 1500 JD6FRQ R 599 KW TU 73 GL JD6FRQ TEST,ARRLDX,qso,37,dx_expedition,31.004125
257,morse_000257.wav,KJ8HL 599 3110,CQWPX,exchange,26,contest_poor,10.79225
258,morse_000258.wav,JD4MGO 599 3499,CQWPX,exchange,35,clean,8.184125
259,morse_000259.wav,TEST VO4BDR VO4BDR TEST VO4BDR 7952 S 10 OK DO9VV 7445 B 20 MI GL 73 GL DO9VV TEST,SWEEPSTAKES,qso,30,contest_poor,41.4880625
260,morse_000260.wav,CQ TEST CQ TEST DE WK0ZYP WK0ZYP K WK0ZYP 4T416 A 54 NTX WS2LZD R 3259 Q 58 SV TU QSL TU TEST WS2LZD,SWEEPSTAKES,qso,23,contest_good,64.9713125
261,morse_000261.wav,JL8NMX LIZ ?,NAQP,partial,20,contest_moderate,9.7241875
262,morse_000262.wav,CQ CQ CQ DE DN2WVL DN2WVL DN2WVL DN2WVL DE GU7YM 3D AK K NR? NR? DN2WVL DE GU7YM 3D AK K TU 1B PR DN2WVL QSL TU TEST GU7YM,FIELD_DAY,qso,15,dx_expedition,119.3064375
263,morse_000263.wav,KG1X 2110 ?,SWEEPSTAKES,partial,30,contest_good,7.500875
264,morse_000264.wav,JN0WE8 599 20,CQWW,exchange,24,clean,10.3148125
265,morse_000265.wav,RZ2XW?,SWEEPSTAKES,partial,21,contest_good,5.2091875
266,morse_000266.wav,VE0F3 599 KW,ARRLDX,exchange,27,contest_good,7.9645625
267,morse_000267.wav,TEST DN1KQ DN1KQ TEST,CQWW,cq,34,contest_good,8.102125
268,morse_000268.wav,RX7N9 4T434 PETE ME,SPRINT,exchange,25,contest_poor,10.911375
269,morse_000269.wav,JA6ELD 599 ?,IARU,partial,31,contest_poor,7.0201875
270,morse_000270.wav,CQ TEST CQ TEST DE UH3DNW UH3DNW K,SWEEPSTAKES,cq,31,clean,14.6880625
271,morse_000271.wav,CQ TEST CQ TEST DE IU7ZJV IU7ZJV K IU7ZJV 2F WMA AG3M AG3? AG3? IU7ZJV 2F WMA AG3M TU 3A UT IU7ZJV 73 GL AG3M TEST,FIELD_DAY,qso,36,clean,45.9725625
272,morse_000272.wav,TEST IZ1KK IZ1KK TEST IZ1KK 8T507 BOB CT IQ4LB TU 9T763 FRED FL IZ1KK QSL TU TEST IQ4LB,SPRINT,qso,21,contest_poor,58.298125
273,morse_000273.wav,TEST DP3PI DP3PI TEST,FIELD_DAY,cq,21,contest_good,12.3228125
274,morse_000274.wav,JO4TA?,CQWW,partial,15,contest_poor,6.377125
275,morse_000275.wav,CQ CQ CQ DE DE7UG DE7UG DE7UG,SPRINT,cq,38,clean,11.2659375
276,morse_000276.wav,WD0JHL MIKE AR,NAQP,exchange,30,clean,6.8646875
277,morse_000277.wav,TEST IK1QZZ IK1QZZ TEST IK1QZZ WY7AD 599 46 599 22 GL 73 GL WY7AD TEST,IARU,qso,27,dx_expedition,40.026625
278,morse_000278.wav,CQ CQ CQ DE M14OPG M14OPG M14OPG,NAQP,cq,22,contest_good,24.541375
279,morse_000279.wav,JN4OIY 599 54,IARU,exchange,34,contest_good,6.5764375
280,morse_000280.wav,TEST ZW4TX ZW4TX TEST ZW4TX DE IU3YEL 599 64 K NR? NR? ZW4TX DE IU3YEL 599 64 K R 599 87 TU 73 GL IU3YEL TEST,IARU,qso,40,contest_moderate,39.7195
281,morse_000281.wav,CQ TEST CQ TEST DE PS2AVW PS2AVW K PS2AVW DE IQ6SAE 599 8384 K PS2AVW AGN PS2AVW DE IQ6SAE 599 8384 K TU 599 8588 PS2AVW 73 GL IQ6SAE TEST,CQWPX,qso,16,contest_moderate,125.5748125
282,morse_000282.wav,TEST IZ6XS IZ6XS TEST,CQWPX,cq,26,contest_moderate,9.873625
283,morse_000283.wav,CQ CQ CQ DE PR6JJ PR6JJ PR6JJ,ARRLDX,cq,21,contest_moderate,23.3554375
284,morse_000284.wav,TEST DD4L0 DD4L0 TEST,CQWW,cq,39,dx_expedition,7.30025
285,morse_000285.wav,TEST VE5CQ VE5CQ TEST,FIELD_DAY,cq,21,contest_moderate,12.1374375
286,morse_000286.wav,CQ TEST CQ TEST DE DJ7MCP DJ7MCP K,CQWW,cq,32,contest_poor,15.308125
287,morse_000287.wav,M06QTP 599 ?,CQWPX,partial,33,clean,7.0851875
288,morse_000288.wav,CQ CQWPX CQ CQWPX DE JO4XH JO4XH K JO4XH 599 4T304 DN4KNG TU 589 2T460 JO4XH QSL TU CQWPX DN4KNG,CQWPX,qso,30,clean,51.4879375
289,morse_000289.wav,CQ TEST CQ TEST DE DN7SOQ DN7SOQ K,FIELD_DAY,cq,33,clean,14.2454375
290,morse_000290.wav,EG7FNE 1A IA,FIELD_DAY,exchange,26,contest_good,6.531625
291,morse_000291.wav,CQ TEST CQ TEST DE GM2FKJ GM2FKJ K,CQWW,cq,19,clean,25.1506875
292,morse_000292.wav,CQ TEST CQ TEST DE JM4VV JM4VV K JM4VV 589 34 EH7FRT EH7FR? EH7FR? JM4VV 589 34 EH7FRT TU 599 37 JM4VV 73 GL EH7FRT TEST,CQWW,qso,29,clean,60.52225
293,morse_000293.wav,CQ CQ CQ DE ED8EI ED8EI ED8EI ED8EI 1734 JACK PA WL6NTZ TU 5156 DAN OR ED8EI QSL TU TEST WL6NTZ,SPRINT,qso,33,clean,39.1035
294,morse_000294.wav,JR5BEQ 599 ?,CQWPX,partial,24,contest_poor,9.2261875
295,morse_000295.wav,CQ TEST CQ TEST DE DD5EJ DD5EJ K,SWEEPSTAKES,cq,15,contest_good,26.9755625
296,morse_000296.wav,CQ CQ CQ DE DB5OTF DB5OTF DB5OTF,SWEEPSTAKES,cq,22,dx_expedition,21.530125
297,morse_000297.wav,DF7NQJ DAN NM,NAQP,exchange,34,contest_poor,5.6390625
298,morse_000298.wav,KM2A3 599 ?,CQWPX,partial,31,contest_moderate,6.7961875
299,morse_000299.wav,CQ CQ CQ DE WS2RL WS2RL WS2RL WS2RL 3B SCV DD1JT R 3A SK TU QSL TU TEST DD1JT,FIELD_DAY,qso,32,contest_poor,35.3726875
300,morse_000300.wav,CQ CQ CQ DE RE5RC RE5RC RE5RC RE5RC DE EG1KOR FRANK OR K R ANN AR TU TU QRZ? EG1KOR,NAQP,qso,30,contest_moderate,38.64375
301,morse_000301.wav,CQ TEST CQ TEST DE UE8QN UE8QN K,SWEEPSTAKES,cq,29,contest_poor,14.7483125
302,morse_000302.wav,CQ CQ CQ DE EB1OLJ EB1OLJ EB1OLJ EB1OLJ JE8HV 599 40 TU 579 17 EB1OLJ TU QRZ? JE8HV,CQWW,qso,35,contest_moderate,38.66075
303,morse_000303.wav,TEST I0XM I0XM TEST,SWEEPSTAKES,cq,32,contest_good,7.9415
304,morse_000304.wav,CQ CQ CQ DE M18WY3 M18WY3 M18WY3,CQWW,cq,19,clean,29.8826875
305,morse_000305.wav,CQ CQ CQ DE WV3PRA WV3PRA WV3PRA,CQWW,cq,29,contest_moderate,17.1805
306,morse_000306.wav,KI1Q?,CQWW,partial,16,contest_moderate,6.0495625
307,morse_000307.wav,TEST DL0RSW DL0RSW TEST,NAQP,cq,26,contest_good,11.37475
308,morse_000308.wav,GW8NKM 579 26,IARU,exchange,15,contest_good,14.7245625
309,morse_000309.wav,TEST DH4YQZ DH4YQZ TEST DH4YQZ 599 13 WB2H TU 599 30 DH4YQZ TU QRZ? WB2H,CQWW,qso,31,contest_poor,36.735125
310,morse_000310.wav,CQ TEST CQ TEST DE DI7UW DI7UW K DI7UW DE DI0UV 6995 FRED HI K R 6T573 LEE MI TU QSL TU TEST DI0UV,SPRINT,qso,28,contest_moderate,47.0010625
311,morse_000311.wav,GD5UF 8559 B 38 STX,SWEEPSTAKES,exchange,34,contest_moderate,9.58675
312,morse_000312.wav,CQ CQ CQ DE ED7LNM ED7LNM ED7LNM ED7LNM WT1LLS 9297 KEN IA NR? NR? ED7LNM WT1LLS 9297 KEN IA R 3391 KATE MD TU QSL TU TEST WT1LLS,SPRINT,qso,18,contest_moderate,101.1396875
313,morse_000313.wav,CQ TEST CQ TEST DE DL1HQ DL1HQ K DL1HQ DE DA1VT SUE ND K R PAUL FL TU TU QRZ? DA1VT,NAQP,qso,26,clean,45.0425625
314,morse_000314.wav,TEST EA9QU EA9QU TEST,ARRLDX,cq,28,clean,9.1516875
315,morse_000315.wav,CQ TEST CQ TEST DE JA1XZ JA1XZ K,NAQP,cq,18,clean,25.443625
316,morse_000316.wav,CQ TEST CQ TEST DE NO0IRV NO0IRV K NO0IRV DE RE6SRQ 599 1946 K R 599 509 TU TU QRZ? RE6SRQ,CQWPX,qso,40,contest_good,33.5011875
317,morse_000317.wav,CQ CQ CQ DE RU1UE0 RU1UE0 RU1UE0,NAQP,cq,29,contest_moderate,17.537125
318,morse_000318.wav,CQ TEST CQ TEST DE JQ6GP JQ6GP K,CQWPX,cq,34,contest_moderate,14.0301875
319,morse_000319.wav,IU5ROW 599 1500,ARRLDX,exchange,39,contest_moderate,7.159375
320,morse_000320.wav,DQ2BN 4083 B 65 AL,SWEEPSTAKES,exchange,40,dx_expedition,7.838625
321,morse_000321.wav,CQ TEST CQ TEST DE JC5OEY JC5OEY K,IARU,cq,18,dx_expedition,26.2289375
322,morse_000322.wav,CQ CQ CQ DE DQ0ACY DQ0ACY DQ0ACY DQ0ACY 599 48 IZ1X9 QRZ? DE DQ0ACY DQ0ACY 599 48 IZ1X9 599 89 GL TU QRZ? IZ1X9,IARU,qso,22,contest_moderate,87.31925
323,morse_000323.wav,CQ TEST CQ TEST DE EH3WCT EH3WCT K,CQWW,cq,34,dx_expedition,13.0204375
324,morse_000324.wav,CQ TEST CQ TEST DE WJ5SCR WJ5SCR K,FIELD_DAY,cq,32,clean,14.2999375
325,morse_000325.wav,CQ CQ CQ DE DJ3EBI DJ3EBI DJ3EBI,SWEEPSTAKES,cq,36,contest_poor,13.22175
326,morse_000326.wav,CQ CQWW CQ CQWW DE LV2BG LV2BG K LV2BG WU2T 599 19 TU 599 33 LV2BG TU QRZ? WU2T,CQWW,qso,32,contest_poor,40.422
327,morse_000327.wav,RD7NN 1314 RON WV,SPRINT,exchange,31,contest_good,9.082875
328,morse_000328.wav,CQ CQ CQ DE G7WT G7WT G7WT,CQWW,cq,36,clean,11.5879375
329,morse_000329.wav,GI5BY 1B ?,FIELD_DAY,partial,25,contest_good,7.20925
330,morse_000330.wav,F3KQH 599 ?,CQWW,partial,20,contest_moderate,10.6085625
331,morse_000331.wav,DR5ZFY 900 ?,SPRINT,partial,37,clean,6.2483125
332,morse_000332.wav,CQ CQ CQ DE KZ0NUT KZ0NUT KZ0NUT,CQWW,cq,33,contest_good,14.981375
333,morse_000333.wav,UI3HQ 599 ?,IARU,partial,17,dx_expedition,10.969875
334,morse_000334.wav,GW3OW 599 9T443,CQWPX,exchange,25,clean,10.72475
335,morse_000335.wav,EC3EN 599 ?,CQWW,partial,28,contest_moderate,6.614625
336,morse_000336.wav,JD9LF 559 KW,ARRLDX,exchange,23,contest_poor,9.072
337,morse_000337.wav,TEST EG3FYF EG3FYF TEST EG3FYF IK7YR 599 4275 599 5216 GL QSL TU TEST IK7YR,CQWPX,qso,17,contest_moderate,64.7095
338,morse_000338.wav,CQ CQ CQ DE DM1QXA DM1QXA DM1QXA,SPRINT,cq,33,clean,15.630625
339,morse_000339.wav,KP7ZFV 599 7007,CQWPX,exchange,23,contest_good,12.7953125
340,morse_000340.wav,TEST IZ4IV IZ4IV TEST,CQWW,cq,22,contest_good,11.356125
341,morse_000341.wav,CQ CQ CQ DE LO3NTR LO3NTR LO3NTR LO3NTR RR6IF 599 1 R 599 55 TU 73 GL RR6IF TEST,IARU,qso,29,dx_expedition,41.1505
342,morse_000342.wav,CQ CQ CQ DE DO5EH DO5EH DO5EH DO5EH DE VA0VO DAVE AK K TU JANE AL DO5EH QSL TU NAQP VA0VO,NAQP,qso,30,contest_poor,41.0975
343,morse_000343.wav,EA9B?,FIELD_DAY,partial,30,contest_poor,2.945875
344,morse_000344.wav,CQ CQ CQ DE JM5KGH JM5KGH JM5KGH,SPRINT,cq,29,contest_good,16.692375
345,morse_000345.wav,DF1?,IARU,partial,31,dx_expedition,2.643125
346,morse_000346.wav,TEST PW5TG PW5TG TEST,SWEEPSTAKES,cq,25,contest_good,10.322
347,morse_000347.wav,TEST IZ8TM IZ8TM TEST,ARRLDX,cq,38,clean,6.7490625
348,morse_000348.wav,CQ CQ CQ DE VE9CZ VE9CZ VE9CZ,CQWW,cq,39,dx_expedition,12.11975
349,morse_000349.wav,EE5LK 599 30,IARU,exchange,30,contest_good,7.2504375
350,morse_000350.wav,CQ TEST CQ TEST DE VK2LVBD VK2LVBD K,FIELD_DAY,cq,32,contest_good,15.7124375
351,morse_000351.wav,CQ ARRLDX CQ ARRLDX DE WL2S WL2S K WL2S DE VA3RNV 599 1500 K R 599 NJ TU 73 GL VA3RNV TEST,ARRLDX,qso,18,contest_poor,75.105
352,morse_000352.wav,CQ TEST CQ TEST DE DR0AZK DR0AZK K DR0AZK PAUL CA WE5YKB QRZ? DE DR0AZK DR0AZK PAUL CA WE5YKB R FRANK MO TU TU QRZ? WE5YKB,NAQP,qso,19,contest_poor,91.87825
353,morse_000353.wav,CQ CQ CQ DE NK1Y NK1Y NK1Y NK1Y F5SO FRED NV R MARY HI TU TU QRZ? F5SO,NAQP,qso,37,clean,28.7681875
354,morse_000354.wav,CQ TEST CQ TEST DE AE6MQE AE6MQE K,SPRINT,cq,22,contest_good,19.3345
355,morse_000355.wav,CQ CQ CQ DE IQ2RMB IQ2RMB IQ2RMB,FIELD_DAY,cq,16,contest_good,30.736125
356,morse_000356.wav,JE7CJ STEVE NH,NAQP,exchange,27,contest_poor,7.0803125
357,morse_000357.wav,JB7HVK 599 ?,ARRLDX,partial,39,contest_moderate,5.944625
358,morse_000358.wav,CQ CQ CQ DE JK0SL JK0SL JK0SL JK0SL M58BT 599 KW 599 KW GL 73 GL M58BT TEST,ARRLDX,qso,16,contest_poor,74.6070625
359,morse_000359.wav,JK9HP 4A MI,FIELD_DAY,exchange,40,contest_good,4.5416875
360,morse_000360.wav,RB1Y6 5T046 BILL AZ,SPRINT,exchange,27,contest_moderate,11.20975
361,morse_000361.wav,GW3CRD 4A ?,FIELD_DAY,partial,18,dx_expedition,10.021125
362,morse_000362.wav,CQ TEST CQ TEST DE UF7EZ UF7EZ K,IARU,cq,33,contest_good,13.231625
363,morse_000363.wav,TEST JC3RZ JC3RZ TEST JC3RZ DE KC0LNZ 2753 BILL WV K 6T712 TOM NC GL 73 GL KC0LNZ TEST,SPRINT,qso,29,contest_good,44.130125
364,morse_000364.wav,CQ TEST CQ TEST DE DA4AW6 DA4AW6 K,ARRLDX,cq,25,clean,17.8820625
365,morse_000365.wav,CQ TEST CQ TEST DE M00CIC M00CIC K,IARU,cq,30,contest_good,16.8744375
366,morse_000366.wav,IW2NP SAM WV,NAQP,exchange,20,contest_poor,8.261
367,morse_000367.wav,IU9UZW 2T354 B 11 RI,SWEEPSTAKES,exchange,22,clean,14.529125
368,morse_000368.wav,EE6TW DICK ?,NAQP,partial,40,dx_expedition,4.3765
369,morse_000369.wav,CQ TEST CQ TEST DE JM5SW5 JM5SW5 K,NAQP,cq,27,dx_expedition,17.328
370,morse_000370.wav,CQ CQ CQ DE RW0MH RW0MH RW0MH,SPRINT,cq,33,contest_good,14.2610625
371,morse_000371.wav,JF1CI 599 ?,CQWPX,partial,17,contest_good,11.91525
372,morse_000372.wav,TEST M00EH M00EH TEST,ARRLDX,cq,40,contest_moderate,7.1855
373,morse_000373.wav,CQ SWEEPSTAKES CQ SWEEPSTAKES DE IZ6AT IZ6AT K IZ6AT DE JQ7TL5 832 B 00 KS K JQ7TL? JQ7TL? IZ6AT DE JQ7TL5 832 B 00 KS K 3274 M 13 SK GL QSL TU TEST JQ7TL5,SWEEPSTAKES,qso,33,dx_expedition,68.3204375
374,morse_000374.wav,VK4UDF GARY ?,NAQP,partial,37,contest_poor,5.796625
375,morse_000375.wav,JN5LK?,IARU,partial,25,contest_moderate,4.1635
376,morse_000376.wav,CQ CQ CQ DE JI7ZN JI7ZN JI7ZN JI7ZN VE8KC2 599 86 NR? NR? JI7ZN VE8KC2 599 86 TU 599 41 JI7ZN 73 GL VE8KC2 TEST,IARU,qso,37,clean,47.83425
377,morse_000377.wav,CQ ARRLDX CQ ARRLDX DE F8BB F8BB K F8BB 599 QRP ZZ6OIG 599 1500 GL TU QRZ? ZZ6OIG,ARRLDX,qso,26,contest_moderate,50.0569375
378,morse_000378.wav,M18ZZV 599 9583,CQWPX,exchange,37,contest_good,7.9468125
379,morse_000379.wav,M61CX 599 17,CQWW,exchange,37,contest_moderate,6.7195625
380,morse_000380.wav,CQ CQ CQ DE RB9RJW RB9RJW RB9RJW,FIELD_DAY,cq,17,clean,30.45375
381,morse_000381.wav,CQ CQ CQ DE VY4L9 VY4L9 VY4L9,FIELD_DAY,cq,32,contest_poor,15.99025
382,morse_000382.wav,CQ TEST CQ TEST DE RR8MMG RR8MMG K,CQWPX,cq,40,dx_expedition,11.6891875
383,morse_000383.wav,CQ CQ CQ DE M34VCY M34VCY M34VCY M34VCY DE RE1QL BOB SC K TU LYNN CA M34VCY 73 GL RE1QL TEST,NAQP,qso,32,contest_poor,44.059625
384,morse_000384.wav,CQ CQ CQ DE RL9JEM RL9JEM RL9JEM RL9JEM 6278 FRED RI VO6VQ R T508 PETE WV TU 73 GL VO6VQ TEST,SPRINT,qso,18,contest_good,76.04525
385,morse_000385.wav,TEST EH7WF EH7WF TEST EH7WF DE IW4YYF 599 64 K R 599 65 TU QSL TU TEST IW4YYF,IARU,qso,30,contest_poor,35.9905625
386,morse_000386.wav,DD6FCO BEN DC,NAQP,exchange,36,clean,5.482375
387,morse_000387.wav,CQ TEST CQ TEST DE JP7TI JP7TI K JP7TI UC6FYF 599 KW TU 599 KW JP7TI TU QRZ? UC6FYF,ARRLDX,qso,34,contest_poor,36.00425
388,morse_000388.wav,TEST JP0XV JP0XV TEST,SWEEPSTAKES,cq,32,contest_good,9.6285
389,morse_000389.wav,KM9YK 599 ?,CQWPX,partial,35,contest_moderate,6.4975
390,morse_000390.wav,CQ TEST CQ TEST DE DQ1LX DQ1LX K,SWEEPSTAKES,cq,23,dx_expedition,20.2320625
391,morse_000391.wav,DH9ARZ 599 1169,CQWPX,exchange,32,contest_poor,8.88075
392,morse_000392.wav,VY2KZ 599 29,IARU,exchange,36,contest_good,6.6013125
393,morse_000393.wav,GU0K?,IARU,partial,23,contest_moderate,4.1733125
394,morse_000394.wav,EE1JR 8176 CHUCK AK,SPRINT,exchange,18,contest_good,16.6616875
395,morse_000395.wav,TEST RJ9TNJ RJ9TNJ TEST RJ9TNJ 7T589 B 86 EWA JM5W6 TU 3T306 M 47 MDC RJ9TNJ TU QRZ? JM5W6,SWEEPSTAKES,qso,38,contest_moderate,35.5965625
396,morse_000396.wav,G5NJ1 2829 MIKE IA,SPRINT,exchange,33,clean,8.9346875
397,morse_000397.wav,WD8OS 599 ?,IARU,partial,28,dx_expedition,7.3309375
398,morse_000398.wav,CQ CQ CQ DE PP7PLE PP7PLE PP7PLE PP7PLE JA6WLF 599 3110 599 6T830 GL QSL TU TEST JA6WLF,CQWPX,qso,30,contest_moderate,46.2466875
399,morse_000399.wav,JQ0TTV MIKE ?,NAQP,partial,34,contest_good,6.0831875
400,morse_000400.wav,CQ TEST CQ TEST DE NQ5L NQ5L K,SPRINT,cq,40,dx_expedition,10.1168125
401,morse_000401.wav,NN9NIM 599 8543,CQWPX,exchange,28,clean,9.0025625
402,morse_000402.wav,VY5FXA 599 ?,CQWW,partial,21,contest_good,10.3233125
403,morse_000403.wav,DE2YV 599 ?,ARRLDX,partial,31,contest_good,6.7458125
404,morse_000404.wav,JC1OQX 599 3,CQWW,exchange,29,dx_expedition,8.7561875
405,morse_000405.wav,KT3Y 2T534 BEN NV,SPRINT,exchange,23,contest_moderate,10.772625
406,morse_000406.wav,CQ TEST CQ TEST DE AY9AOM AY9AOM K,ARRLDX,cq,24,contest_good,19.645125
407,morse_000407.wav,CQ CQ CQ DE KV6IQ KV6IQ KV6IQ,ARRLDX,cq,36,contest_moderate,12.6438125
408,morse_000408.wav,AE9WF?,FIELD_DAY,partial,31,contest_good,3.4024375
409,morse_000409.wav,PW4D?,SPRINT,partial,34,contest_poor,2.8295625
410,morse_000410.wav,TEST M34RO M34RO TEST,CQWW,cq,40,dx_expedition,6.9876875
411,morse_000411.wav,JL2RF 162 B 82 SB,SWEEPSTAKES,exchange,18,contest_moderate,16.4230625
412,morse_000412.wav,CQ CQ CQ DE JO3RM JO3RM JO3RM JO3RM 3B CT VO6HM6 TU 1A NM JO3RM TU QRZ? VO6HM6,FIELD_DAY,qso,31,contest_poor,39.1553125
413,morse_000413.wav,DF?,CQWW,partial,38,clean,1.6893125
414,morse_000414.wav,WW?,ARRLDX,partial,35,dx_expedition,1.76825
415,morse_000415.wav,GJ6CEX 599 30,CQWW,exchange,32,dx_expedition,7.7035625
416,morse_000416.wav,DO7GG?,NAQP,partial,28,contest_good,3.81225
417,morse_000417.wav,CQ CQ CQ DE JN4OOD JN4OOD JN4OOD JN4OOD DE DL2NM T461 B 29 DE K 5323 B 44 NC GL TU QRZ? DL2NM,SWEEPSTAKES,qso,16,clean,90.4478125
418,morse_000418.wav,CQ TEST CQ TEST DE EC9MV EC9MV K,SPRINT,cq,15,contest_poor,28.640375
419,morse_000419.wav,CQ CQWPX CQ CQWPX DE VE9ACY VE9ACY K VE9ACY DE RY1PN 599 6471 K 599 1993 GL TU QRZ? RY1PN,CQWPX,qso,31,dx_expedition,47.6483125
420,morse_000420.wav,CQ CQ CQ DE JM9DT JM9DT JM9DT JM9DT VO0HYD 579 83 R 599 3 TU TU QRZ? VO0HYD,IARU,qso,24,dx_expedition,51.11675
421,morse_000421.wav,TEST JJ8VM JJ8VM TEST JJ8VM DE NG3UCM 599 37 K TU 599 22 JJ8VM 73 GL NG3UCM TEST,CQWW,qso,18,clean,67.72375
422,morse_000422.wav,CQ CQ CQ DE DA4QWR DA4QWR DA4QWR DA4QWR DE VE8XV 5A NTX K R 1A IN TU 73 GL VE8XV TEST,FIELD_DAY,qso,22,contest_poor,55.3503125
423,morse_000423.wav,JI8VCC 599 5T025,CQWPX,exchange,32,contest_moderate,9.0640625
424,morse_000424.wav,TEST EC6OA EC6OA TEST,CQWPX,cq,40,contest_poor,6.409875
425,morse_000425.wav,EG7ZL 8008 B 75 NNY,SWEEPSTAKES,exchange,23,clean,14.051125
426,morse_000426.wav,TEST WD7GY WD7GY TEST,CQWW,cq,30,contest_poor,9.1836875
427,morse_000427.wav,IU0FS?,SPRINT,partial,34,contest_good,3.166625
428,morse_000428.wav,CQ ARRLDX CQ ARRLDX DE VK9VT7 VK9VT7 K VK9VT7 JO7CV 579 KW R 599 1500 TU TU QRZ? JO7CV,ARRLDX,qso,34,contest_moderate,40.8684375
429,morse_000429.wav,CQ CQ CQ DE JS1WYF JS1WYF JS1WYF JS1WYF DE JR8AI CARL DC K R JACK TX TU QSL TU TEST JR8AI,NAQP,qso,19,clean,69.5935625
430,morse_000430.wav,NF4PK 4449 ?,SWEEPSTAKES,partial,39,contest_good,5.4570625
431,morse_000431.wav,TEST DI7AAJ DI7AAJ TEST,IARU,cq,35,contest_poor,8.1799375
432,morse_000432.wav,DI7LFW 9043 GEORGE MT,SPRINT,exchange,23,contest_moderate,13.566
433,morse_000433.wav,DI6LEB SUE WA,NAQP,exchange,21,contest_poor,7.7313125
434,morse_000434.wav,CQ CQ CQ DE DO7JTS DO7JTS DO7JTS,ARRLDX,cq,28,contest_poor,17.132375
435,morse_000435.wav,CQ CQ CQ DE VY2BN VY2BN VY2BN VY2BN ED7MY5 2262 B 01 WCF R 7T828 A 17 SCV TU TU QRZ? ED7MY5,SWEEPSTAKES,qso,30,contest_poor,49.043375
436,morse_000436.wav,G8SC RON DE,NAQP,exchange,24,clean,6.66125
437,morse_000437.wav,CQ TEST CQ TEST DE JN0KKY JN0KKY K,IARU,cq,18,dx_expedition,27.2133125
438,morse_000438.wav,TEST IZ7WN IZ7WN TEST,FIELD_DAY,cq,40,clean,6.3324375
439,morse_000439.wav,EH3P?,CQWPX,partial,24,contest_poor,3.65125
440,morse_000440.wav,CQ TEST CQ TEST DE JP5MNQ JP5MNQ K JP5MNQ 569 8 G8ZMM TU 599 39 JP5MNQ TU QRZ? G8ZMM,CQWW,qso,15,contest_poor,85.344
441,morse_000441.wav,CQ CQ CQ DE DA9KOM DA9KOM DA9KOM,ARRLDX,cq,23,clean,21.6985625
442,morse_000442.wav,WI5X 5250 B 67 NL,SWEEPSTAKES,exchange,28,clean,10.2036875
443,morse_000443.wav,LS1CS 4D WI,FIELD_DAY,exchange,37,clean,4.9921875
444,morse_000444.wav,TEST K9JFA K9JFA TEST K9JFA ZY3MM 599 8748 K9JFA AGN K9JFA ZY3MM 599 8748 R 599 2696 TU 73 GL ZY3MM TEST,CQWPX,qso,15,contest_moderate,109.776375
445,morse_000445.wav,IZ2?,SPRINT,partial,35,contest_poor,2.230875
446,morse_000446.wav,TEST AB9H AB9H TEST AB9H JOE WI VA0Q2 BOB NJ GL TU QRZ? VA0Q2,NAQP,qso,26,contest_good,34.67125
447,morse_000447.wav,CQ TEST CQ TEST DE F0GUR F0GUR K,NAQP,cq,19,contest_moderate,23.663
448,morse_000448.wav,GI7BY 3E ?,FIELD_DAY,partial,33,contest_good,5.0306875
449,morse_000449.wav,CQ TEST CQ TEST DE RG0ZZ RG0ZZ K RG0ZZ 599 40 JS6GH QRZ? DE RG0ZZ RG0ZZ 599 40 JS6GH R 599 10 TU QSL TU TEST JS6GH,CQWW,qso,15,contest_good,118.8864375
450,morse_000450.wav,IW7ZI 2A ON,FIELD_DAY,exchange,37,dx_expedition,4.61175
451,morse_000451.wav,TEST JA4KD5 JA4KD5 TEST JA4KD5 JN5GZV 599 4398 599 9583 GL TU QRZ? JN5GZV,CQWPX,qso,34,contest_moderate,33.1015
452,morse_000452.wav,DP0?,IARU,partial,15,clean,5.492875
453,morse_000453.wav,CQ CQ CQ DE DK2M8 DK2M8 DK2M8,IARU,cq,32,contest_poor,15.166
454,morse_000454.wav,CQ CQ CQ DE KC7SRB KC7SRB KC7SRB,FIELD_DAY,cq,25,contest_moderate,19.775875
455,morse_000455.wav,DG0U?,NAQP,partial,31,clean,2.981375
456,morse_000456.wav,VE8K?,CQWPX,partial,34,contest_poor,2.6041875
457,morse_000457.wav,TEST KX1HM KX1HM TEST,IARU,cq,40,dx_expedition,7.3793125
458,morse_000458.wav,CQ TEST CQ TEST DE VY6ZMT VY6ZMT K,ARRLDX,cq,39,dx_expedition,11.950875
459,morse_000459.wav,TEST KV8IBZ KV8IBZ TEST,SWEEPSTAKES,cq,36,dx_expedition,8.5990625
460,morse_000460.wav,M31WS 559 9320,CQWPX,exchange,16,contest_poor,16.0279375
461,morse_000461.wav,IQ4QKE 599 ?,CQWPX,partial,16,contest_moderate,12.8054375
462,morse_000462.wav,CQ TEST CQ TEST DE F8EK F8EK K,SPRINT,cq,29,contest_moderate,13.58625
463,morse_000463.wav,CQ CQ CQ DE DE1MNP DE1MNP DE1MNP DE1MNP WM8T 599 5475 WM8? WM8? DE1MNP WM8T 599 5475 599 9603 GL QSL TU TEST WM8T,CQWPX,qso,40,clean,43.970875
464,morse_000464.wav,IZ6?,ARRLDX,partial,39,contest_good,2.1821875
465,morse_000465.wav,JR0GV RON TX,NAQP,exchange,20,clean,9.6168125
466,morse_000466.wav,CQ TEST CQ TEST DE AY4OKL AY4OKL K,CQWW,cq,33,contest_moderate,14.4678125
467,morse_000467.wav,CQ CQ CQ DE VK9TVK VK9TVK VK9TVK,IARU,cq,18,dx_expedition,27.9614375
468,morse_000468.wav,DJ?,IARU,partial,40,clean,1.75725
469,morse_000469.wav,JN8WV 3T514 ART MI,SPRINT,exchange,28,contest_poor,9.42275
470,morse_000470.wav,TEST PR0IO PR0IO TEST PR0IO DE IU0TD MIKE VA K R JIM WV TU 73 GL IU0TD TEST,NAQP,qso,28,dx_expedition,36.0579375
471,morse_000471.wav,CQ CQ CQ DE JB2KA3 JB2KA3 JB2KA3 JB2KA3 DE JS9SQ MARY WY K R BOB NJ TU 73 GL JS9SQ TEST,NAQP,qso,24,contest_moderate,56.0788125
472,morse_000472.wav,IQ1JUL 599 13,CQWW,exchange,30,contest_good,8.33575
473,morse_000473.wav,TEST M17TF0 M17TF0 TEST,CQWPX,cq,29,clean,11.239
474,morse_000474.wav,M57HM 599 7884,CQWPX,exchange,30,clean,8.6611875
475,morse_000475.wav,CQ TEST CQ TEST DE KS3CT KS3CT K,ARRLDX,cq,35,contest_good,12.184875
476,morse_000476.wav,CQ CQ CQ DE WT8AX WT8AX WT8AX,IARU,cq,20,clean,22.365375
477,morse_000477.wav,EF?,CQWPX,partial,40,contest_good,1.48575
478,morse_000478.wav,I9U?,NAQP,partial,39,contest_good,1.934125
479,morse_000479.wav,CQ CQ CQ DE NE1Q NE1Q NE1Q NE1Q 599 47 AG8T TU 599 68 NE1Q TU QRZ? AG8T,IARU,qso,33,clean,34.0978125
480,morse_000480.wav,CQ CQ CQ DE WN4LSO WN4LSO WN4LSO,ARRLDX,cq,25,contest_moderate,19.365625
481,morse_000481.wav,CQ CQ CQ DE GU3IF GU3IF GU3IF GU3IF 599 8823 IZ9MG R 599 5142 TU 73 GL IZ9MG TEST,CQWPX,qso,39,contest_good,32.6135625
482,morse_000482.wav,GW1GNA 599 1500,ARRLDX,exchange,39,clean,7.4254375
483,morse_000483.wav,CQ CQWPX CQ CQWPX DE IQ0QNR IQ0QNR K IQ0QNR VO8LJ 599 6662 R 599 8598 TU TU QRZ? VO8LJ,CQWPX,qso,40,clean,36.142125
484,morse_000484.wav,CQ FIELD_DAY CQ FIELD_DAY DE VK3XVNU VK3XVNU K VK3XVNU 3C ME ZW2K7 TU 2B IA VK3XVNU 73 GL ZW2K7 TEST,FIELD_DAY,qso,25,contest_moderate,56.708125
485,morse_000485.wav,DR7OCF 599 KW,ARRLDX,exchange,15,contest_moderate,15.026375
486,morse_000486.wav,DA3JJQ 599 ?,CQWPX,partial,27,contest_poor,8.6974375
487,morse_000487.wav,IU9ZQR 4968 A 54 MS,SWEEPSTAKES,exchange,23,contest_moderate,13.4470625
488,morse_000488.wav,DK?,IARU,partial,27,dx_expedition,1.91375
489,morse_000489.wav,IU?,CQWPX,partial,18,contest_moderate,2.5474375
490,morse_000490.wav,VE5PWI 599 3115,CQWPX,exchange,26,contest_poor,9.9096875
491,morse_000491.wav,CQ CQ CQ DE KW5XL KW5XL KW5XL KW5XL K6ZCV 599 5T645 NR? NR? KW5XL K6ZCV 599 5T645 R 599 5640 TU QSL TU TEST K6ZCV,CQWPX,qso,17,contest_good,103.2075625
492,morse_000492.wav,CQ TEST CQ TEST DE JN9RKU JN9RKU K JN9RKU STEVE RI F4QL CARL VT GL QSL TU TEST F4QL,NAQP,qso,23,contest_good,49.0289375
493,morse_000493.wav,ED3RDX 5T364 ?,SPRINT,partial,28,clean,7.8951875
494,morse_000494.wav,EF7EX?,CQWPX,partial,29,contest_good,3.43525
495,morse_000495.wav,PW1CY 599 ?,CQWW,partial,40,dx_expedition,5.716
496,morse_000496.wav,TEST EB1BAA EB1BAA TEST EB1BAA DE IU0WGU 1B NLI K 6A DE GL TU QRZ? IU0WGU,FIELD_DAY,qso,28,clean,35.2475625
497,morse_000497.wav,RM3?,CQWW,partial,34,clean,2.685125
498,morse_000498.wav,CQ CQ CQ DE KE0O KE0O KE0O KE0O 8156 A 67 OR RA3LLJ TU 159 B 32 KY KE0O 73 GL RA3LLJ TEST,SWEEPSTAKES,qso,15,contest_good,93.8621875
499,morse_000499.wav,JD0BZS 2579 DICK PA,SPRINT,exchange,15,contest_good,20.6115625
500,morse_000500.wav,CQ CQ CQ DE JE3NVA JE3NVA JE3NVA JE3NVA PR1EEK BILL SD PETE RI GL TU QRZ? PR1EEK,NAQP,qso,26,clean,42.485375
501,morse_000501.wav,AZ9IOF 599 10,CQWW,exchange,17,dx_expedition,14.1905625
502,morse_000502.wav,TEST DC0UIC DC0UIC TEST DC0UIC 599 VT KF7OCN 599 100 GL 73 GL KF7OCN TEST,ARRLDX,qso,20,contest_good,55.2365625
503,morse_000503.wav,CQ CQ CQ DE G4QI G4QI G4QI G4QI DF6CZ 7278 A 54 LAX 6898 A 16 AB GL TU QRZ? DF6CZ,SWEEPSTAKES,qso,30,contest_moderate,43.5186875
504,morse_000504.wav,JB6B?,SPRINT,partial,19,contest_good,4.8248125
505,morse_000505.wav,EG8EYB RAY ?,NAQP,partial,17,contest_good,10.626625
506,morse_000506.wav,TEST JH6OD JH6OD TEST,IARU,cq,25,dx_expedition,10.8163125
507,morse_000507.wav,DC0ZZH 2A MAR,FIELD_DAY,exchange,37,contest_moderate,5.8026875
508,morse_000508.wav,DL2FN 599 77,IARU,exchange,33,contest_poor,7.0451875
509,morse_000509.wav,TEST DI2MMZ DI2MMZ TEST DI2MMZ 599 82 VK6RJ R 599 15 TU 73 GL VK6RJ TEST,IARU,qso,28,clean,38.0385
510,morse_000510.wav,CQ CQ CQ DE KA8M KA8M KA8M,ARRLDX,cq,35,contest_good,12.1638125
511,morse_000511.wav,CQ CQ CQ DE F6CEW F6CEW F6CEW,CQWW,cq,37,contest_good,11.959625
512,morse_000512.wav,EC8IBC 599 ?,IARU,partial,22,clean,9.546
513,morse_000513.wav,TEST KF2S KF2S TEST KF2S DE JG7OD 599 69 K 599 89 GL QSL TU TEST JG7OD,IARU,qso,19,contest_moderate,54.5836875
514,morse_000514.wav,TEST IU2CUM IU2CUM TEST IU2CUM ED1DM 2A SF R 4A STX TU QSL TU TEST ED1DM,FIELD_DAY,qso,40,contest_good,23.7033125
515,morse_000515.wav,UE5KC 4A ?,FIELD_DAY,partial,35,contest_moderate,4.5048125
516,morse_000516.wav,KX0H 599 ?,CQWPX,partial,16,contest_moderate,12.4380625
517,morse_000517.wav,RQ9JOR 599 ?,CQWPX,partial,27,contest_good,8.4455625
518,morse_000518.wav,CQ TEST CQ TEST DE NQ3CX NQ3CX K,SWEEPSTAKES,cq,26,contest_poor,17.4941875
519,morse_000519.wav,DB8QX 579 ?,IARU,partial,32,dx_expedition,6.7745
520,morse_000520.wav,ED5QAV 599 34,CQWW,exchange,20,contest_moderate,10.7545625
521,morse_000521.wav,CQ TEST CQ TEST DE WP2X WP2X K,CQWPX,cq,30,contest_poor,14.49175
522,morse_000522.wav,EE9QC 1E UT,FIELD_DAY,exchange,24,contest_good,6.6234375
523,morse_000523.wav,EB?,ARRLDX,partial,21,dx_expedition,2.529125
524,morse_000524.wav,IW1S4 KATE ?,NAQP,partial,39,contest_poor,4.953125
525,morse_000525.wav,CQ CQ CQ DE PX1DU PX1DU PX1DU,IARU,cq,25,contest_moderate,19.5075625
526,morse_000526.wav,TEST DG7OP DG7OP TEST,CQWPX,cq,32,clean,8.772875
527,morse_000527.wav,JM?,CQWW,partial,25,clean,2.3403125
528,morse_000528.wav,UI8HAU 3T544 ?,SWEEPSTAKES,partial,33,contest_poor,6.5556875
529,morse_000529.wav,JS9UZT 599 ?,IARU,partial,22,clean,10.0315
530,morse_000530.wav,CQ TEST CQ TEST DE VK4ZZT VK4ZZT K,FIELD_DAY,cq,33,contest_poor,14.1065625
531,morse_000531.wav,VA?,IARU,partial,22,contest_moderate,2.506875
532,morse_000532.wav,JL6PV STEVE ?,NAQP,partial,22,contest_moderate,8.1846875
533,morse_000533.wav,CQ TEST CQ TEST DE IW5WSX IW5WSX K IW5WSX 3C MO WR8MXN TU 3A ID IW5WSX QSL TU TEST WR8MXN,FIELD_DAY,qso,34,contest_moderate,35.236375
534,morse_000534.wav,ZW6YIS 3D VA,FIELD_DAY,exchange,33,clean,5.80325
535,morse_000535.wav,IZ5?,SPRINT,partial,37,clean,1.98925
536,morse_000536.wav,TEST UC9LP UC9LP TEST,FIELD_DAY,cq,15,clean,18.7925
537,morse_000537.wav,CQ TEST CQ TEST DE I5LM I5LM K I5LM 599 31 GI7FTC TU 599 74 I5LM 73 GL GI7FTC TEST,IARU,qso,38,clean,30.651375
538,morse_000538.wav,CQ CQ CQ DE IW5XVA IW5XVA IW5XVA IW5XVA DE VO7SO 1072 STEVE FL K 647 SUE ME GL QSL TU TEST VO7SO,SPRINT,qso,27,contest_poor,50.4925
539,morse_000539.wav,EH6K4 2004 LYNN ID,SPRINT,exchange,27,contest_moderate,10.7868125
540,morse_000540.wav,TEST JQ3ITE JQ3ITE TEST,SPRINT,cq,26,dx_expedition,10.78425
541,morse_000541.wav,TEST DH6DPR DH6DPR TEST,CQWW,cq,39,contest_good,7.59425
542,morse_000542.wav,CQ CQ CQ DE M50MY M50MY M50MY M50MY JQ0GIH 599 15 599 40 GL QSL TU TEST JQ0GIH,CQWW,qso,34,clean,37.447375
543,morse_000543.wav,TEST WF0MMY WF0MMY TEST WF0MMY DE GU4KIE 599 27 K GU4K? GU4K? WF0MMY DE GU4KIE 599 27 K R 599 37 TU 73 GL GU4KIE TEST,CQWW,qso,17,contest_poor,102.27925
544,morse_000544.wav,CQ CQ CQ DE JH9ZT JH9ZT JH9ZT,FIELD_DAY,cq,40,contest_moderate,12.0378125
545,morse_000545.wav,GJ6QSP 5A ?,FIELD_DAY,partial,15,clean,11.847125
546,morse_000546.wav,GI4V?,IARU,partial,18,clean,4.59675
547,morse_000547.wav,CQ CQ CQ DE JA9CZO JA9CZO JA9CZO JA9CZO NC3OD 599 53 599 80 GL 73 GL NC3OD TEST,IARU,qso,31,contest_moderate,42.6015
548,morse_000548.wav,TEST JE8NUS JE8NUS TEST JE8NUS DAN GA IK0AWP JACK NJ GL TU QRZ? IK0AWP,NAQP,qso,33,contest_poor,29.2166875
549,morse_000549.wav,CQ CQ CQ DE GW9R9 GW9R9 GW9R9 GW9R9 DE EC6ROB 599 11 K TU 599 75 GW9R9 73 GL EC6ROB TEST,IARU,qso,20,contest_poor,71.17675
550,morse_000550.wav,GU7LY 599 33,CQWW,exchange,27,dx_expedition,8.4549375
551,morse_000551.wav,CQ TEST CQ TEST DE JK2IFN JK2IFN K JK2IFN JL9BRV 599 41 NR? NR? JK2IFN JL9BRV 599 41 599 16 GL TU QRZ? JL9BRV,IARU,qso,16,dx_expedition,106.783125
552,morse_000552.wav,NC5E 5644 A 98 OK,SWEEPSTAKES,exchange,18,dx_expedition,15.326375
553,morse_000553.wav,DP1YKA 599 64,IARU,exchange,16,dx_expedition,14.166375
554,morse_000554.wav,KR9PWS RON ?,NAQP,partial,26,contest_poor,7.4434375
555,morse_000555.wav,CQ TEST CQ TEST DE M14RCU M14RCU K M14RCU 599 3 PU1ZAE R 599 21 TU TU QRZ? PU1ZAE,CQWW,qso,31,dx_expedition,39.76925
556,morse_000556.wav,TEST W8RXB W8RXB TEST W8RXB 599 27 VO4LOH 599 9 GL TU QRZ? VO4LOH,CQWW,qso,26,contest_poor,39.366625
557,morse_000557.wav,UC9LV JACK ND,NAQP,exchange,20,contest_moderate,10.303
558,morse_000558.wav,CQ CQ CQ DE DH1DUO DH1DUO DH1DUO,IARU,cq,25,contest_good,19.7751875
559,morse_000559.wav,CQ IARU CQ IARU DE VK1QVFI VK1QVFI K VK1QVFI 599 67 JS2NE TU 599 52 VK1QVFI 73 GL JS2NE TEST,IARU,qso,36,clean,38.65375
560,morse_000560.wav,CQ TEST CQ TEST DE WZ2M8 WZ2M8 K,CQWW,cq,23,contest_moderate,20.2419375
561,morse_000561.wav,CQ TEST CQ TEST DE DH8LI1 DH8LI1 K,ARRLDX,cq,25,contest_poor,19.1789375
562,morse_000562.wav,DE3POX 4T618 BOB MS,SPRINT,exchange,18,contest_poor,16.7126875
563,morse_000563.wav,CQ TEST CQ TEST DE PX8GK PX8GK K PX8GK DE NN8L JOE NM K CALL? PX8GK DE NN8L JOE NM K R LEE NV TU QSL TU TEST NN8L,NAQP,qso,27,contest_poor,58.48325
564,morse_000564.wav,TEST F9FJS F9FJS TEST F9FJS DE NM9JS 1A NNJ K TU 2A TN F9FJS TU QRZ? NM9JS,FIELD_DAY,qso,24,dx_expedition,44.9638125
565,morse_000565.wav,CQ CQ CQ DE DP3CXV DP3CXV DP3CXV,FIELD_DAY,cq,33,clean,15.805
566,morse_000566.wav,CQ CQ CQ DE KS0WQ KS0WQ KS0WQ KS0WQ DE WX4RJK 2401 M 62 PAC K 22 B 09 WY GL 73 GL WX4RJK TEST,SWEEPSTAKES,qso,39,contest_poor,39.0758125
567,morse_000567.wav,WV7U?,SWEEPSTAKES,partial,33,contest_poor,2.6759375
568,morse_000568.wav,TEST KP2VO KP2VO TEST,FIELD_DAY,cq,17,contest_good,16.5641875
569,morse_000569.wav,TEST WV0G WV0G TEST WV0G DE EB4OP 599 16 K QRZ? DE WV0G WV0G DE EB4OP 599 16 K 599 18 GL QSL TU TEST EB4OP,CQWW,qso,38,dx_expedition,43.1161875
570,morse_000570.wav,JA5ZL 599 ?,IARU,partial,29,contest_moderate,7.2224375
571,morse_000571.wav,NY7AGO TOM KS,NAQP,exchange,39,clean,5.2685
572,morse_000572.wav,GU4SEG 599 73,IARU,exchange,17,dx_expedition,12.3440625
573,morse_000573.wav,CQ ARRLDX CQ ARRLDX DE WM8P WM8P K WM8P 599 KW EG2SUU CALL? WM8P 599 KW EG2SUU TU 599 MS WM8P 73 GL EG2SUU TEST,ARRLDX,qso,16,clean,104.1955625
574,morse_000574.wav,CQ TEST CQ TEST DE DB7YUM DB7YUM K,CQWPX,cq,22,contest_good,21.245625
575,morse_000575.wav,CQ CQ CQ DE VA2NVI VA2NVI VA2NVI,FIELD_DAY,cq,39,contest_moderate,12.1635
576,morse_000576.wav,TEST K3HP K3HP TEST,ARRLDX,cq,31,clean,8.0399375
577,morse_000577.wav,VA2PTK CHUCK TX,NAQP,exchange,16,clean,13.54275
578,morse_000578.wav,CQ CQ CQ DE DL4BZ DL4BZ DL4BZ,CQWW,cq,33,clean,14.0241875
579,morse_000579.wav,CQ CQ CQ DE IQ4HL IQ4HL IQ4HL,CQWW,cq,29,contest_good,15.1889375
580,morse_000580.wav,M03EC 9T230 B 57 SC,SWEEPSTAKES,exchange,23,clean,14.435375
581,morse_000581.wav,RB6DIF 599 4T999,CQWPX,exchange,23,contest_good,11.9473125
582,morse_000582.wav,IW1LQ?,CQWW,partial,40,dx_expedition,2.9551875
583,morse_000583.wav,IZ6HS 3059 ?,SPRINT,partial,31,contest_good,6.817875
584,morse_000584.wav,TEST GW3WMR GW3WMR TEST GW3WMR JP7SL 599 12 TU 599 5 GW3WMR 73 GL JP7SL TEST,CQWW,qso,37,contest_poor,30.6208125
585,morse_000585.wav,CQ CQWPX CQ CQWPX DE NS9QD NS9QD K NS9QD DE DG6VRN 599 6173 K 599 9819 GL TU QRZ? DG6VRN,CQWPX,qso,21,contest_good,67.78225
586,morse_000586.wav,RQ2?,SPRINT,partial,27,clean,3.19275
587,morse_000587.wav,NZ4X TOM MD,NAQP,exchange,31,contest_poor,5.5130625
588,morse_000588.wav,CQ CQ CQ DE DO1A7 DO1A7 DO1A7,IARU,cq,33,clean,14.8905625
589,morse_000589.wav,TEST DJ5KIP DJ5KIP TEST DJ5KIP DE DL2EI 3A WTX K TU 3D NC DJ5KIP 73 GL DL2EI TEST,FIELD_DAY,qso,25,contest_poor,42.78825
590,morse_000590.wav,VE4E?,IARU,partial,34,contest_good,2.450875
591,morse_000591.wav,TEST KI2NQL KI2NQL TEST KI2NQL DE JG4SN7 559 1500 K TU 599 ID KI2NQL QSL TU TEST JG4SN7,ARRLDX,qso,20,contest_good,61.8899375
592,morse_000592.wav,TEST RV4MV RV4MV TEST,SPRINT,cq,34,contest_good,7.6516875
593,morse_000593.wav,PS3GU 2449 ?,SWEEPSTAKES,partial,32,dx_expedition,6.76875
594,morse_000594.wav,TEST JS5E6 JS5E6 TEST,CQWW,cq,35,contest_poor,7.315
595,morse_000595.wav,WL7Q 599 WA,ARRLDX,exchange,32,contest_good,6.412625
596,morse_000596.wav,2E9DUD 599 KW,ARRLDX,exchange,29,clean,7.8311875
597,morse_000597.wav,TEST AZ0TAW AZ0TAW TEST,CQWPX,cq,27,contest_good,10.6845
598,morse_000598.wav,RQ2US 2B OR,FIELD_DAY,exchange,40,contest_moderate,4.58625
599,morse_000599.wav,CQ TEST CQ TEST DE GD5TP GD5TP K GD5TP DE JP5HZQ 599 931 K TU 599 1857 GD5TP TU QRZ? JP5HZQ,CQWPX,qso,34,contest_poor,41.02725
600,morse_000600.wav,EF3CU 599 ?,CQWPX,partial,23,dx_expedition,8.2251875
601,morse_000601.wav,DK1PJ 599 1500,ARRLDX,exchange,18,contest_moderate,15.83575
602,morse_000602.wav,CQ CQ CQ DE DH7AIA DH7AIA DH7AIA DH7AIA DE VY7HY 599 10 K 599 16 GL QSL TU TEST VY7HY,CQWW,qso,32,dx_expedition,39.887625
603,morse_000603.wav,CQ TEST CQ TEST DE F3WEJ F3WEJ K F3WEJ NR7WUY RON DC RAY ND GL 73 GL NR7WUY TEST,NAQP,qso,38,contest_good,29.62125
604,morse_000604.wav,CQ TEST CQ TEST DE NL3C NL3C K,SWEEPSTAKES,cq,39,contest_poor,10.662125
605,morse_000605.wav,JO?,IARU,partial,32,contest_poor,2.29625
606,morse_000606.wav,TEST LQ1HDW LQ1HDW TEST,NAQP,cq,19,clean,16.2125
607,morse_000607.wav,CQ CQ CQ DE VK4BO VK4BO VK4BO,FIELD_DAY,cq,24,contest_poor,19.4631875
608,morse_000608.wav,DC9RJY 599 ?,ARRLDX,partial,19,contest_poor,11.7301875
609,morse_000609.wav,GD2MQ 1B WWA,FIELD_DAY,exchange,15,contest_poor,12.9705625
610,morse_000610.wav,EC3GZL 599 9831,CQWPX,exchange,27,contest_good,10.614125
611,morse_000611.wav,CQ NAQP CQ NAQP DE K9BS K9BS K K9BS NM1OZ JIM MS TU ANN DC K9BS 73 GL NM1OZ TEST,NAQP,qso,34,contest_moderate,34.6475
612,morse_000612.wav,CQ CQ CQ DE DI3AE DI3AE DI3AE,SWEEPSTAKES,cq,34,clean,11.642375
613,morse_000613.wav,KB?,IARU,partial,24,contest_good,2.3725
614,morse_000614.wav,CQ CQ CQ DE M59VNC M59VNC M59VNC M59VNC AD0YH 6T381 LYNN WI TU 4198 LYNN NY M59VNC QSL TU TEST AD0YH,SPRINT,qso,34,contest_good,45.388375
615,morse_000615.wav,TEST AJ9CY AJ9CY TEST AJ9CY DE WC8ZE 579 2 K TU 599 23 AJ9CY 73 GL WC8ZE TEST,IARU,qso,23,contest_good,51.15775
616,morse_000616.wav,CQ CQ CQ DE DQ3XQJ DQ3XQJ DQ3XQJ,CQWW,cq,26,contest_good,21.4745625
617,morse_000617.wav,CQ CQ CQ DE RR1R6 RR1R6 RR1R6,NAQP,cq,36,contest_good,13.1941875
618,morse_000618.wav,KT7DVK 5D MI,FIELD_DAY,exchange,24,contest_moderate,7.2359375
619,morse_000619.wav,IU4S2 599 ?,CQWPX,partial,27,contest_good,7.0189375
620,morse_000620.wav,CQ CQ CQ DE IQ7BDY IQ7BDY IQ7BDY,SPRINT,cq,28,contest_moderate,18.318375
621,morse_000621.wav,WI9WZS 599 NH,ARRLDX,exchange,22,contest_good,9.506875
622,morse_000622.wav,AD0FC 599 ?,CQWW,partial,20,contest_good,10.059125
623,morse_000623.wav,CQ CQ CQ DE IZ1RNH IZ1RNH IZ1RNH IZ1RNH 599 4 JG5RJ 589 32 GL 73 GL JG5RJ TEST,CQWW,qso,34,contest_moderate,35.985125
624,morse_000624.wav,TEST KX9S KX9S TEST KX9S 4T620 RAY IA JF0TNC 498 JACK AR GL 73 GL JF0TNC TEST,SPRINT,qso,31,dx_expedition,36.4350625
625,morse_000625.wav,CQ CQ CQ DE VA8PCL VA8PCL VA8PCL,CQWW,cq,20,dx_expedition,25.7735625
626,morse_000626.wav,TEST UA1AL UA1AL TEST,CQWW,cq,18,clean,14.29375
627,morse_000627.wav,JH4AY 9729 DICK TX,SPRINT,exchange,26,contest_good,11.3986875
628,morse_000628.wav,EF8XMH TOM ?,NAQP,partial,28,dx_expedition,6.8786875
629,morse_000629.wav,TEST IZ2GC IZ2GC TEST IZ2GC DE JP5I1 4A VT K IZ2GC AGN IZ2GC DE JP5I1 4A VT K 2A AL GL TU QRZ? JP5I1,FIELD_DAY,qso,40,contest_poor,36.4614375
630,morse_000630.wav,CQ TEST CQ TEST DE JO2RI JO2RI K,CQWPX,cq,25,contest_moderate,17.777375
631,morse_000631.wav,JL?,NAQP,partial,15,contest_poor,4.1881875
632,morse_000632.wav,CQ TEST CQ TEST DE RG0HT RG0HT K RG0HT DE JQ3IN 6T080 PAT FL K TU 7698 RAY CA RG0HT TU QRZ? JQ3IN,SPRINT,qso,37,dx_expedition,38.8751875
633,morse_000633.wav,VY4VZ 599 ?,CQWPX,partial,36,clean,6.12825
634,morse_000634.wav,M53ARG 579 ?,ARRLDX,partial,32,contest_moderate,6.1519375
635,morse_000635.wav,KE5Q JOHN OK,NAQP,exchange,35,dx_expedition,5.457125
636,morse_000636.wav,IK6GIW 599 585,CQWPX,exchange,25,clean,9.25225
637,morse_000637.wav,TEST RF5BOT RF5BOT TEST,FIELD_DAY,cq,31,clean,8.7153125
638,morse_000638.wav,JG8OG 7687 ?,SPRINT,partial,27,contest_moderate,8.392125
639,morse_000639.wav,EA?,CQWPX,partial,39,clean,1.4505
640,morse_000640.wav,CQ CQ CQ DE JS3XR JS3XR JS3XR JS3XR 599 3728 DP6KV NR? NR? JS3XR 599 3728 DP6KV TU 599 201 JS3XR 73 GL DP6KV TEST,CQWPX,qso,37,contest_good,49.8081875
641,morse_000641.wav,JG3AP7 6C VI,FIELD_DAY,exchange,29,contest_poor,6.6370625
642,morse_000642.wav,IQ8YL 599 KW,ARRLDX,exchange,36,contest_good,6.4565
643,morse_000643.wav,RF2TBO 599 ?,IARU,partial,38,dx_expedition,5.9228125
644,morse_000644.wav,CQ CQ CQ DE PX6KWA PX6KWA PX6KWA PX6KWA 599 55 AY3NS 599 20 GL 73 GL AY3NS TEST,IARU,qso,16,clean,76.6149375
645,morse_000645.wav,CQ TEST CQ TEST DE DQ9OG DQ9OG K DQ9OG 4T207 S 40 LA W0M W0? W0? DQ9OG 4T207 S 40 LA W0M TU 4T431 B 52 SV DQ9OG TU QRZ? W0M,SWEEPSTAKES,qso,16,dx_expedition,124.03975
646,morse_000646.wav,JS4QSX 599 12,CQWW,exchange,15,contest_moderate,15.9040625
647,morse_000647.wav,LQ?,ARRLDX,partial,29,dx_expedition,2.056875
648,morse_000648.wav,CQ TEST CQ TEST DE JF2JGS JF2JGS K JF2JGS 599 8T546 IU4KY 599 8T374 GL 73 GL IU4KY TEST,CQWPX,qso,19,dx_expedition,69.7475
649,morse_000649.wav,I9FS9 4B MT,FIELD_DAY,exchange,39,contest_poor,4.884375
650,morse_000650.wav,CQ CQ CQ DE LP6VF LP6VF LP6VF,CQWPX,cq,27,dx_expedition,17.632375
651,morse_000651.wav,CQ TEST CQ TEST DE VE8GS4 VE8GS4 K,IARU,cq,37,clean,12.5329375
652,morse_000652.wav,IZ8NB FRANK OH,NAQP,exchange,22,contest_moderate,9.41775
653,morse_000653.wav,VK6HYG 2B ?,FIELD_DAY,partial,27,dx_expedition,7.3210625
654,morse_000654.wav,TEST IW7FA IW7FA TEST IW7FA VY4AE8 599 5 TU 599 1500 IW7FA QSL TU TEST VY4AE8,ARRLDX,qso,18,contest_moderate,60.52325
655,morse_000655.wav,CQ TEST CQ TEST DE WL0K WL0K K,CQWPX,cq,18,contest_good,23.4198125
656,morse_000656.wav,TEST LR3KQ LR3KQ TEST LR3KQ DP0HVA 599 1500 599 KW GL TU QRZ? DP0HVA,ARRLDX,qso,33,dx_expedition,32.8646875
657,morse_000657.wav,TEST DA2JY DA2JY TEST DA2JY DE IQ1HQ 589 70 K 599 62 GL QSL TU TEST IQ1HQ,IARU,qso,34,contest_moderate,32.6405625
658,morse_000658.wav,CQ CQ CQ DE PY6VG0 PY6VG0 PY6VG0 PY6VG0 RM0GKM 599 3570 R 599 9586 TU TU QRZ? RM0GKM,CQWPX,qso,23,dx_expedition,62.4304375
659,morse_000659.wav,WQ9BA?,IARU,partial,33,contest_moderate,3.6705
660,morse_000660.wav,CQ CQ CQ DE EE8LB EE8LB EE8LB EE8LB DE JK3SP 3T903 A 24 OR K 2T597 B 91 VT GL QSL TU TEST JK3SP,SWEEPSTAKES,qso,31,contest_good,45.695
661,morse_000661.wav,KO9ELJ BEN TN,NAQP,exchange,40,contest_moderate,4.72125
662,morse_000662.wav,PT7MHL 599 ?,CQWPX,partial,27,contest_poor,7.8298125
663,morse_000663.wav,JK?,SWEEPSTAKES,partial,40,clean,1.76
664,morse_000664.wav,CQ TEST CQ TEST DE WU7V WU7V K,CQWW,cq,33,contest_good,12.3838125
665,morse_000665.wav,JJ4TX 5T823 ?,SPRINT,partial,34,dx_expedition,7.1588125
666,morse_000666.wav,CQ CQ CQ DE VK4BM VK4BM VK4BM VK4BM DE KR4BN 599 NJ K NR? NR? VK4BM DE KR4BN 599 NJ K R 599 1500 TU TU QRZ? KR4BN,ARRLDX,qso,24,contest_moderate,73.0818125
667,morse_000667.wav,DG6UI?,ARRLDX,partial,15,contest_moderate,5.944875
668,morse_000668.wav,KP5XBX 294 ?,SPRINT,partial,38,contest_poor,5.725
669,morse_000669.wav,EF1AS 255 B 88 WPA,SWEEPSTAKES,exchange,16,contest_moderate,17.363875
670,morse_000670.wav,CQ CQ CQ DE JE8FVA JE8FVA JE8FVA JE8FVA 599 3762 WG5YP TU 599 5T557 JE8FVA TU QRZ? WG5YP,CQWPX,qso,17,contest_moderate,81.182125
671,morse_000671.wav,DQ0WKU 599 79,IARU,exchange,40,contest_poor,6.7148125
672,morse_000672.wav,KS9FMN 569 DE,ARRLDX,exchange,35,clean,6.0178125
673,morse_000673.wav,RS6ZLU 599 1500,ARRLDX,exchange,29,contest_poor,9.6215625
674,morse_000674.wav,JO1P9 2T226 ?,SPRINT,partial,26,contest_good,9.621375
675,morse_000675.wav,NQ4YI 599 22,CQWW,exchange,31,clean,7.1635
676,morse_000676.wav,M6?,SWEEPSTAKES,partial,20,contest_good,3.1268125
677,morse_000677.wav,TEST NZ6NAW NZ6NAW TEST NZ6NAW 599 30 AZ0OUG AZ? AZ? NZ6NAW 599 30 AZ0OUG R 599 1 TU QSL TU TEST AZ0OUG,CQWW,qso,37,contest_poor,41.4395
678,morse_000678.wav,IQ4AW 3010 SAM OR,SPRINT,exchange,40,dx_expedition,7.0874375
679,morse_000679.wav,KQ5S 599 3,IARU,exchange,19,contest_moderate,9.4386875
680,morse_000680.wav,WG7G TOM CT,NAQP,exchange,23,dx_expedition,7.3539375
681,morse_000681.wav,CQ CQ CQ DE IW2KX IW2KX IW2KX IW2KX DE VY2LM FRED WA K FRED MN GL 73 GL VY2LM TEST,NAQP,qso,31,clean,39.0039375
682,morse_000682.wav,CQ CQ CQ DE VK3MBBJ VK3MBBJ VK3MBBJ,CQWW,cq,24,clean,23.6044375
683,morse_000683.wav,CQ TEST CQ TEST DE JK0HSX JK0HSX K,ARRLDX,cq,37,contest_poor,13.4234375
684,morse_000684.wav,CQ CQ CQ DE UC4LI UC4LI UC4LI,ARRLDX,cq,40,contest_poor,11.1586875
685,morse_000685.wav,CQ CQ CQ DE NO6Y NO6Y NO6Y NO6Y 579 3T936 VA0ZFC TU 599 9T120 NO6Y 73 GL VA0ZFC TEST,CQWPX,qso,18,dx_expedition,75.5654375
686,morse_000686.wav,TEST GI4IL GI4IL TEST,NAQP,cq,31,clean,7.8466875
687,morse_000687.wav,IQ3KO 599 5,ARRLDX,exchange,24,contest_moderate,8.2795625
688,morse_000688.wav,DK7WX KATE VT,NAQP,exchange,39,clean,4.7954375
689,morse_000689.wav,TEST EB9CV EB9CV TEST EB9CV DE DK7DD 599 5 K NR? NR? EB9CV DE DK7DD 599 5 K TU 599 30 EB9CV QSL TU CQWW DK7DD,CQWW,qso,34,dx_expedition,48.173625
690,morse_000690.wav,JS9XH JACK ?,NAQP,partial,19,dx_expedition,10.983125
691,morse_000691.wav,TEST KZ5R KZ5R TEST,IARU,cq,21,contest_poor,10.9811875
692,morse_000692.wav,CQ TEST CQ TEST DE F3NX F3NX K F3NX 599 3863 EE2ZII TU 599 4T614 F3NX 73 GL EE2ZII TEST,CQWPX,qso,24,contest_poor,52.2885
693,morse_000693.wav,IK2I9 559 KW,ARRLDX,exchange,24,contest_good,8.261625
694,morse_000694.wav,DQ3GWC 569 74,IARU,exchange,33,contest_good,7.3425
695,morse_000695.wav,TEST 2E7IVV 2E7IVV TEST 2E7IVV DE F8KZM 599 32 K R 559 66 TU TU QRZ? F8KZM,IARU,qso,23,contest_moderate,46.827
696,morse_000696.wav,IU8PJD 599 ?,IARU,partial,37,contest_moderate,6.2843125
697,morse_000697.wav,TEST AD5OZE AD5OZE TEST,FIELD_DAY,cq,24,contest_good,11.1255625
698,morse_000698.wav,TEST JQ3BZC JQ3BZC TEST JQ3BZC DE JB7UAT 599 17 K TU 599 19 JQ3BZC TU QRZ? JB7UAT,CQWW,qso,35,dx_expedition,36.740125
699,morse_000699.wav,CQ CQ CQ DE RN5KI RN5KI RN5KI RN5KI 5826 B 19 ID VK6OABE RN5KI AGN RN5KI 5826 B 19 ID VK6OABE R 4857 B 83 NNJ TU QSL TU TEST VK6OABE,SWEEPSTAKES,qso,26,clean,72.8393125
700,morse_000700.wav,F3EEB 599 7T319,CQWPX,exchange,37,contest_moderate,7.005125
701,morse_000701.wav,JN6FXR 599 KW,ARRLDX,exchange,39,clean,5.9659375
702,morse_000702.wav,CQ CQ CQ DE DA4FY4 DA4FY4 DA4FY4 DA4FY4 DE VE4B8 AL OH K JIM AK GL QSL TU TEST VE4B8,NAQP,qso,19,contest_poor,64.242125
703,morse_000703.wav,WS4U?,CQWPX,partial,17,contest_good,4.9803125
704,morse_000704.wav,CQ TEST CQ TEST DE EH7OST EH7OST K,ARRLDX,cq,32,contest_poor,13.6658125
705,morse_000705.wav,JO5IM 599 1500,ARRLDX,exchange,38,contest_poor,7.5023125
706,morse_000706.wav,TEST NQ0JB NQ0JB TEST,CQWPX,cq,25,contest_poor,12.0381875
707,morse_000707.wav,CQ CQ CQ DE IW6DE IW6DE IW6DE IW6DE DE EA3QJ 599 4614 K CALL? IW6DE DE EA3QJ 599 4614 K TU 599 2569 IW6DE 73 GL EA3QJ TEST,CQWPX,qso,31,clean,57.9415
708,morse_000708.wav,RB0BZ 599 ?,CQWPX,partial,29,contest_moderate,7.557125
709,morse_000709.wav,TEST VK2SNUU VK2SNUU TEST VK2SNUU F0KLC 569 T620 R 599 2T567 TU 73 GL F0KLC TEST,CQWPX,qso,31,contest_poor,37.47925
710,morse_000710.wav,JL8JXU 569 ?,ARRLDX,partial,21,contest_poor,10.9270625
711,morse_000711.wav,TEST EE3YTP EE3YTP TEST EE3YTP 599 KW F0YHO 599 KW GL QSL TU TEST F0YHO,ARRLDX,qso,30,contest_poor,33.37675
712,morse_000712.wav,WV?,IARU,partial,15,contest_poor,3.8671875
713,morse_000713.wav,CQ CQ CQ DE WV6LVI WV6LVI WV6LVI,ARRLDX,cq,17,dx_expedition,27.9103125
714,morse_000714.wav,NY8H?,FIELD_DAY,partial,29,contest_moderate,3.535125
715,morse_000715.wav,CQ CQ CQ DE DF2KNM DF2KNM DF2KNM DF2KNM GD0KK 6T624 MARY OK GD? GD? DF2KNM GD0KK 6T624 MARY OK 1589 DAN IL GL TU QRZ? GD0KK,SPRINT,qso,23,dx_expedition,81.7238125
716,morse_000716.wav,CQ CQ CQ DE DH4UY DH4UY DH4UY DH4UY 2A SB KA4QDR 2C WPA GL TU QRZ? KA4QDR,FIELD_DAY,qso,17,contest_moderate,64.994125
717,morse_000717.wav,TEST EC1DN EC1DN TEST,CQWW,cq,27,contest_moderate,9.4368125
718,morse_000718.wav,JM7?,ARRLDX,partial,19,dx_expedition,4.2445625
719,morse_000719.wav,TEST RU5KW1 RU5KW1 TEST,NAQP,cq,28,clean,10.709125
720,morse_000720.wav,F8RLY RAY OH,NAQP,exchange,30,contest_poor,6.367
721,morse_000721.wav,CQ CQ CQ DE EH3UN2 EH3UN2 EH3UN2,SWEEPSTAKES,cq,31,contest_moderate,15.402
722,morse_000722.wav,LU9?,IARU,partial,16,dx_expedition,4.77925
723,morse_000723.wav,CQ TEST CQ TEST DE KI6ORC KI6ORC K KI6ORC 579 7 VK8UCFK QRZ? DE KI6ORC KI6ORC 579 7 VK8UCFK R 599 32 TU QSL TU TEST VK8UCFK,CQWW,qso,23,dx_expedition,79.2335
724,morse_000724.wav,CQ CQ CQ DE WG0G0 WG0G0 WG0G0 WG0G0 NG7VN 599 29 R 599 58 TU QSL TU IARU NG7VN,IARU,qso,28,clean,46.3229375
725,morse_000725.wav,CQ IARU CQ IARU DE KR0NU KR0NU K KR0NU 599 83 EE9UI CALL? KR0NU 599 83 EE9UI TU 599 53 KR0NU 73 GL EE9UI TEST,IARU,qso,25,contest_moderate,65.2548125
726,morse_000726.wav,VK1?,SWEEPSTAKES,partial,16,contest_poor,4.6955625
727,morse_000727.wav,TEST KQ1MY KQ1MY TEST KQ1MY DE RQ1KS 599 16 K QRZ? DE KQ1MY KQ1MY DE RQ1KS 599 16 K R 599 61 TU 73 GL RQ1KS TEST,IARU,qso,27,dx_expedition,65.4700625
728,morse_000728.wav,GD4AK 599 35,CQWW,exchange,21,contest_moderate,9.4489375
729,morse_000729.wav,TEST ZX9ZX ZX9ZX TEST,SPRINT,cq,38,dx_expedition,8.1851875
730,morse_000730.wav,JK5AT 5B WPA,FIELD_DAY,exchange,20,contest_poor,8.611375
731,morse_000731.wav,JP3MUL 599 36,CQWW,exchange,29,contest_poor,8.365625
732,morse_000732.wav,CQ CQ CQ DE GD3DO5 GD3DO5 GD3DO5,CQWPX,cq,28,dx_expedition,18.257625
733,morse_000733.wav,VO0AR?,ARRLDX,partial,33,contest_good,3.661
734,morse_000734.wav,TEST KV3M KV3M TEST KV3M DE DR0PGP 599 T335 K QRZ? DE KV3M KV3M DE DR0PGP 599 T335 K 599 6399 GL QSL TU TEST DR0PGP,CQWPX,qso,20,contest_poor,86.81375
735,morse_000735.wav,CQ CQWW CQ CQWW DE M68YQF M68YQF K M68YQF 599 33 JK8JYX M68YQF AGN M68YQF 599 33 JK8JYX R 599 10 TU QSL TU TEST JK8JYX,CQWW,qso,19,dx_expedition,104.249125
736,morse_000736.wav,TEST IW6UPM IW6UPM TEST IW6UPM KA4VP 599 8T333 TU 599 309 IW6UPM 73 GL KA4VP TEST,CQWPX,qso,29,clean,40.7220625
737,morse_000737.wav,CQ TEST CQ TEST DE I9VPW I9VPW K,NAQP,cq,21,contest_moderate,20.8885625
738,morse_000738.wav,RP1WFH 3A ?,FIELD_DAY,partial,33,contest_moderate,5.9405
739,morse_000739.wav,DF1EC 599 ?,CQWPX,partial,35,contest_poor,5.8378125
740,morse_000740.wav,VK1SOE 599 28,IARU,exchange,39,contest_poor,6.1840625
741,morse_000741.wav,ED3YBF 599 ?,ARRLDX,partial,40,contest_moderate,5.4138125
742,morse_000742.wav,I2W?,CQWW,partial,29,contest_poor,2.87975
743,morse_000743.wav,CQ CQ CQ DE JO1RPO JO1RPO JO1RPO JO1RPO JN5UNU 599 44 599 69 GL QSL TU TEST JN5UNU,IARU,qso,32,contest_poor,41.0089375
744,morse_000744.wav,TEST IQ5LN IQ5LN TEST IQ5LN 3682 A 19 SF PS7PA 3242 B 42 WPA GL 73 GL PS7PA TEST,SWEEPSTAKES,qso,31,contest_poor,37.531875
745,morse_000745.wav,TEST JF9HS JF9HS TEST JF9HS GW5OE 599 23 TU 599 64 JF9HS 73 GL GW5OE TEST,IARU,qso,16,dx_expedition,67.2196875
746,morse_000746.wav,CQ CQ CQ DE VY0DSH VY0DSH VY0DSH VY0DSH RF4WY 9892 SUE ME 5725 KEN UT GL TU QRZ? RF4WY,SPRINT,qso,33,contest_good,40.6388125
747,morse_000747.wav,VA0NJW KEN ?,NAQP,partial,21,clean,8.4786875
748,morse_000748.wav,I4G5 599 ?,CQWW,partial,22,contest_poor,8.0865
749,morse_000749.wav,JP4YM 1702 BOB SD,SPRINT,exchange,24,clean,12.475875
750,morse_000750.wav,2E7OY 599 6940,CQWPX,exchange,36,contest_good,7.6778125
751,morse_000751.wav,JN7JVW 789 MIKE AR,SPRINT,exchange,24,contest_poor,11.8875625
752,morse_000752.wav,TEST VO4PW VO4PW TEST VO4PW 1A NV WZ9E R 4A ORG TU 73 GL WZ9E TEST,FIELD_DAY,qso,18,contest_poor,51.3431875
753,morse_000753.wav,TEST M9BR M9BR TEST,CQWW,cq,27,contest_good,9.3129375
754,morse_000754.wav,CQ CQ CQ DE PW0LN PW0LN PW0LN,FIELD_DAY,cq,27,clean,17.7963125
755,morse_000755.wav,W9T 599 4485,CQWPX,exchange,39,contest_good,6.0110625
756,morse_000756.wav,IU3YQ 599 79,IARU,exchange,33,contest_good,6.8003125
757,morse_000757.wav,WM4XT5 4525 B 71 SFL,SWEEPSTAKES,exchange,37,contest_poor,8.932375
758,morse_000758.wav,EG2Q3 599 ?,IARU,partial,33,clean,6.22525
759,morse_000759.wav,TEST M55KT M55KT TEST,CQWW,cq,25,dx_expedition,9.692375
760,morse_000760.wav,CQ TEST CQ TEST DE VY2SF VY2SF K,CQWW,cq,35,contest_good,12.70375
761,morse_000761.wav,M5?,ARRLDX,partial,24,contest_poor,2.1159375
762,morse_000762.wav,EC4YBF 836 JACK WY,SPRINT,exchange,33,clean,9.0024375
763,morse_000763.wav,TEST KA3FNZ KA3FNZ TEST KA3FNZ UB6GE7 599 6083 CALL? KA3FNZ UB6GE7 599 6083 599 9T683 GL QSL TU TEST UB6GE7,CQWPX,qso,38,contest_good,42.5060625
764,morse_000764.wav,WO3AE 599 24,CQWW,exchange,33,clean,6.375375
765,morse_000765.wav,WG5W STEVE IA,NAQP,exchange,15,dx_expedition,10.5705625
766,morse_000766.wav,CQ CQ CQ DE JC7US JC7US JC7US JC7US ZW1SIF 2667 JOHN CT R 1493 JOE AK TU QSL TU TEST ZW1SIF,SPRINT,qso,25,contest_poor,54.8763125
767,morse_000767.wav,JM5JJ 599 ?,ARRLDX,partial,32,contest_good,7.1176875
768,morse_000768.wav,CQ TEST CQ TEST DE NO6FER NO6FER K NO6FER RAY WI JH3AU R JIM NE TU QSL TU NAQP JH3AU,NAQP,qso,18,clean,62.156
769,morse_000769.wav,CQ TEST CQ TEST DE IW5KA IW5KA K,FIELD_DAY,cq,16,dx_expedition,25.366625
770,morse_000770.wav,VY3?,IARU,partial,26,clean,3.3385625
771,morse_000771.wav,CQ CQ CQ DE PQ3QMP PQ3QMP PQ3QMP,ARRLDX,cq,18,contest_good,30.008125
772,morse_000772.wav,VE5NMQ 9T159 DICK DC,SPRINT,exchange,30,contest_poor,10.540375
773,morse_000773.wav,CQ TEST CQ TEST DE WT1S4 WT1S4 K,IARU,cq,33,contest_moderate,13.290125
774,morse_000774.wav,VA5P?,CQWW,partial,34,contest_good,2.92075
775,morse_000775.wav,TEST RJ5KN RJ5KN TEST,CQWPX,cq,32,contest_good,7.9620625
776,morse_000776.wav,CQ TEST CQ TEST DE I6GV4 I6GV4 K I6GV4 UH6PH 599 38 R 599 34 TU 73 GL UH6PH TEST,CQWW,qso,37,clean,31.8731875
777,morse_000777.wav,VK6BP 599 85,IARU,exchange,15,dx_expedition,14.330625
778,morse_000778.wav,KN4?,CQWPX,partial,25,contest_good,2.7374375
779,morse_000779.wav,TEST VA5YPT VA5YPT TEST VA5YPT 3T068 FRED SC NS4YFD R 8T308 SUE CO TU QSL TU TEST NS4YFD,SPRINT,qso,15,dx_expedition,79.9030625
780,morse_000780.wav,CQ CQ CQ DE VE7F9 VE7F9 VE7F9,CQWW,cq,19,contest_moderate,24.1476875
781,morse_000781.wav,CQ TEST CQ TEST DE M13SF M13SF K M13SF 2A MDC M68CH QRZ? DE M13SF M13SF 2A MDC M68CH 2A NTX GL QSL TU TEST M68CH,FIELD_DAY,qso,28,contest_good,58.511625
782,morse_000782.wav,CQ CQ CQ DE GU8SG GU8SG GU8SG,FIELD_DAY,cq,18,contest_moderate,24.8895625
783,morse_000783.wav,M36XCK 2D VT,FIELD_DAY,exchange,31,clean,6.4013125
784,morse_000784.wav,CQ CQ CQ DE LV8EYO LV8EYO LV8EYO,FIELD_DAY,cq,35,contest_poor,14.7296875
785,morse_000785.wav,CQ TEST CQ TEST DE PP8IB PP8IB K PP8IB DE VY2EF 599 28 K QRZ? DE PP8IB PP8IB DE VY2EF 599 28 K TU 599 24 PP8IB 73 GL VY2EF TEST,CQWW,qso,22,clean,88.17925
786,morse_000786.wav,VE4FF 913 ED PA,SPRINT,exchange,30,dx_expedition,7.9713125
787,morse_000787.wav,JL0DYQ 599 ?,IARU,partial,33,contest_moderate,7.656
788,morse_000788.wav,CQ CQ CQ DE AK6SM AK6SM AK6SM AK6SM DE VA2FM 599 9655 K R 599 6160 TU QSL TU TEST VA2FM,CQWPX,qso,16,clean,80.427
789,morse_000789.wav,NG1?,SPRINT,partial,25,clean,3.010625
790,morse_000790.wav,CQ CQ CQ DE 2E0HH1 2E0HH1 2E0HH1 2E0HH1 DE JB2QTY 3309 B 91 WY K QRZ? DE 2E0HH1 2E0HH1 DE JB2QTY 3309 B 91 WY K R 5T354 A 52 WWA TU TU QRZ? JB2QTY,SWEEPSTAKES,qso,22,clean,109.1670625
791,morse_000791.wav,DC1LV T138 B 47 ID,SWEEPSTAKES,exchange,24,contest_good,12.4550625
792,morse_000792.wav,ZW0P9 8T303 ?,SWEEPSTAKES,partial,15,dx_expedition,17.026625
793,morse_000793.wav,CQ TEST CQ TEST DE NN2KPJ NN2KPJ K,SWEEPSTAKES,cq,34,dx_expedition,14.1769375
794,morse_000794.wav,CQ TEST CQ TEST DE KG3JB KG3JB K,FIELD_DAY,cq,36,dx_expedition,12.82175
795,morse_000795.wav,DJ5QV 599 ?,IARU,partial,15,dx_expedition,13.46375
796,morse_000796.wav,ED9C?,SWEEPSTAKES,partial,40,contest_good,2.3314375
797,morse_000797.wav,TEST DE7UF DE7UF TEST,IARU,cq,35,contest_moderate,7.4028125
798,morse_000798.wav,LO?,FIELD_DAY,partial,18,contest_moderate,3.3380625
799,morse_000799.wav,CQ TEST CQ TEST DE EA7KDI EA7KDI K,IARU,cq,39,contest_moderate,11.1334375
800,morse_000800.wav,GW0?,IARU,partial,31,dx_expedition,3.2815
801,morse_000801.wav,TEST AF6PFD AF6PFD TEST AF6PFD DE WU3E 3966 RAY ID K TU 5682 BEN WA AF6PFD 73 GL WU3E TEST,SPRINT,qso,26,contest_moderate,47.539125
802,morse_000802.wav,GU4ZBN 3A ?,FIELD_DAY,partial,15,contest_poor,11.708625
803,morse_000803.wav,CQ CQ CQ DE I9HS7 I9HS7 I9HS7,IARU,cq,20,contest_moderate,22.3830625
804,morse_000804.wav,TEST M1CWX M1CWX TEST,ARRLDX,cq,18,clean,15.766125
805,morse_000805.wav,RY3OJ 599 ?,IARU,partial,28,dx_expedition,7.8860625
806,morse_000806.wav,NQ?,FIELD_DAY,partial,26,clean,2.33375
807,morse_000807.wav,PX5LMN 2A ?,FIELD_DAY,partial,20,contest_poor,8.9191875
808,morse_000808.wav,TEST VO6RPF VO6RPF TEST VO6RPF 599 1500 PX7UEP TU 579 KW VO6RPF TU QRZ? PX7UEP,ARRLDX,qso,27,contest_poor,43.99625
809,morse_000809.wav,CQ FIELD_DAY CQ FIELD_DAY DE NN3D NN3D K NN3D DE KS2N 2D SFL K KS2? KS2? NN3D DE KS2N 2D SFL K 3A CO GL QSL TU TEST KS2N,FIELD_DAY,qso,39,clean,42.9235625
810,morse_000810.wav,TEST JH6KIS JH6KIS TEST,SWEEPSTAKES,cq,36,contest_moderate,8.080125
811,morse_000811.wav,CQ CQ CQ DE VO8US VO8US VO8US,NAQP,cq,21,contest_moderate,21.6370625
812,morse_000812.wav,VY6B?,ARRLDX,partial,33,contest_good,3.4320625
813,morse_000813.wav,RN9TI 579 ?,CQWPX,partial,22,contest_poor,8.1059375
814,morse_000814.wav,TEST WW0YO WW0YO TEST WW0YO AY6CP9 148 GARY NJ R 4T646 JOHN WY TU 73 GL AY6CP9 TEST,SPRINT,qso,36,contest_moderate,35.551875
815,morse_000815.wav,CQ CQ CQ DE VO9FIR VO9FIR VO9FIR VO9FIR 599 5257 KC7E CALL? VO9FIR 599 5257 KC7E TU 559 2748 VO9FIR QSL TU CQWPX KC7E,CQWPX,qso,37,dx_expedition,50.4915625
816,morse_000816.wav,CQ TEST CQ TEST DE AD7WAC AD7WAC K AD7WAC DE JP7IUR 599 29 K TU 599 14 AD7WAC 73 GL JP7IUR TEST,CQWW,qso,22,clean,62.7584375
817,morse_000817.wav,WW1FLR 599 7620,CQWPX,exchange,15,contest_moderate,18.56125
818,morse_000818.wav,LW8SGL 599 1500,ARRLDX,exchange,18,contest_poor,15.979375
819,morse_000819.wav,TEST M7XFX M7XFX TEST M7XFX GU3SMO 599 7180 599 9720 GL QSL TU TEST GU3SMO,CQWPX,qso,16,contest_moderate,70.6645625
820,morse_000820.wav,IU6WKU 559 ?,CQWW,partial,16,contest_good,11.772875
821,morse_000821.wav,CQ TEST CQ TEST DE RH1OG RH1OG K RH1OG VK5AM 599 19 TU 599 38 RH1OG TU QRZ? VK5AM,CQWW,qso,27,clean,46.118875
822,morse_000822.wav,CQ TEST CQ TEST DE JF4GL8 JF4GL8 K,ARRLDX,cq,16,dx_expedition,30.3659375
823,morse_000823.wav,CQ CQ CQ DE JL7SB JL7SB JL7SB JL7SB JS0UW3 599 KW JL7SB AGN JL7SB JS0UW3 599 KW 599 100 GL QSL TU TEST JS0UW3,ARRLDX,qso,19,dx_expedition,92.4299375
824,morse_000824.wav,CQ CQ CQ DE RF0OL RF0OL RF0OL,SPRINT,cq,36,contest_moderate,13.682875
825,morse_000825.wav,KE6?,IARU,partial,30,contest_moderate,2.17725
826,morse_000826.wav,TEST IK4VA IK4VA TEST,SPRINT,cq,15,contest_good,15.896625
827,morse_000827.wav,TEST WK5GCZ WK5GCZ TEST,FIELD_DAY,cq,21,clean,14.17275
828,morse_000828.wav,TEST AF5LJA AF5LJA TEST AF5LJA JM3NRP 599 1500 QRZ? DE AF5LJA AF5LJA JM3NRP 599 1500 569 TN GL TU QRZ? JM3NRP,ARRLDX,qso,37,contest_poor,44.99225
829,morse_000829.wav,CQ SWEEPSTAKES CQ SWEEPSTAKES DE DN5UZ DN5UZ K DN5UZ 2T823 A 20 SNJ GI5BXS T169 B 49 SFL GL TU QRZ? GI5BXS,SWEEPSTAKES,qso,18,contest_good,83.0528125
830,morse_000830.wav,DQ1GU0 599 27,IARU,exchange,34,contest_poor,7.6044375
831,morse_000831.wav,CQ CQ CQ DE JF7WSQ JF7WSQ JF7WSQ,SPRINT,cq,32,contest_poor,16.5905
832,morse_000832.wav,JA5?,FIELD_DAY,partial,33,dx_expedition,2.407375
833,morse_000833.wav,CQ TEST CQ TEST DE DK4IHP DK4IHP K,CQWW,cq,40,contest_poor,11.2191875
834,morse_000834.wav,CQ CQ CQ DE GI0RWO GI0RWO GI0RWO GI0RWO DE EH9QT9 ED AR K CALL? GI0RWO DE EH9QT9 ED AR K R RON CA TU TU QRZ? EH9QT9,NAQP,qso,38,clean,44.7903125
835,morse_000835.wav,M11?,SPRINT,partial,32,clean,2.8470625
836,morse_000836.wav,CQ CQ CQ DE KO4BEO KO4BEO KO4BEO KO4BEO DE RU6VLG TOM IL K TU DICK MI KO4BEO TU QRZ? RU6VLG,NAQP,qso,21,contest_poor,62.066375
837,morse_000837.wav,TEST EF8SI EF8SI TEST,IARU,cq,37,contest_good,6.397
838,morse_000838.wav,CQ NAQP CQ NAQP DE KN8NQO KN8NQO K KN8NQO JJ9RAE LYNN AR R FRED NY TU 73 GL JJ9RAE TEST,NAQP,qso,33,clean,38.1633125
839,morse_000839.wav,CQ CQ CQ DE WI8AB WI8AB WI8AB WI8AB VA3GHE 599 8 TU 599 18 WI8AB TU QRZ? VA3GHE,CQWW,qso,32,dx_expedition,37.7421875
840,morse_000840.wav,TEST IZ1BC IZ1BC TEST IZ1BC 599 3027 GD0AX 599 7115 GL TU QRZ? GD0AX,CQWPX,qso,17,contest_poor,63.9910625
841,morse_000841.wav,CQ CQ CQ DE WO8X WO8X WO8X,SWEEPSTAKES,cq,21,contest_moderate,20.9725625
842,morse_000842.wav,GU6FV 3059 M 58 AZ,SWEEPSTAKES,exchange,32,clean,9.727375
843,morse_000843.wav,TEST DI9FDM DI9FDM TEST DI9FDM M66QWG 9E EPA 5B AR GL TU QRZ? M66QWG,FIELD_DAY,qso,29,clean,32.829875
844,morse_000844.wav,CQ TEST CQ TEST DE EG9CLR EG9CLR K,ARRLDX,cq,19,clean,24.29575
845,morse_000845.wav,IQ7GX 599 29,CQWW,exchange,18,dx_expedition,12.698375
846,morse_000846.wav,CQ CQ CQ DE KO0M KO0M KO0M,CQWPX,cq,16,contest_moderate,27.8525
847,morse_000847.wav,DI8ZC 599 6,IARU,exchange,16,clean,12.0293125
848,morse_000848.wav,CQ CQ CQ DE RV0U6 RV0U6 RV0U6 RV0U6 599 80 2E1MQ 599 58 GL 73 GL 2E1MQ TEST,IARU,qso,20,clean,62.309625
849,morse_000849.wav,CQ CQ CQ DE VY9IBJ VY9IBJ VY9IBJ VY9IBJ 599 KW EC7UT QRZ? DE VY9IBJ VY9IBJ 599 KW EC7UT TU 599 1500 VY9IBJ TU QRZ? EC7UT,ARRLDX,qso,37,contest_poor,52.5910625
850,morse_000850.wav,CQ CQ CQ DE NJ5H NJ5H NJ5H NJ5H JO8NCG 599 31 TU 599 29 NJ5H TU QRZ? JO8NCG,IARU,qso,22,contest_poor,55.3954375
851,morse_000851.wav,CQ CQ CQ DE AG2W AG2W AG2W AG2W 599 KW DA7BSO 599 DC GL TU QRZ? DA7BSO,ARRLDX,qso,19,dx_expedition,58.174
852,morse_000852.wav,CQ CQ CQ DE IZ9AU IZ9AU IZ9AU,IARU,cq,24,contest_poor,18.3921875
853,morse_000853.wav,RS5HT PAT FL,NAQP,exchange,21,contest_good,7.5791875
854,morse_000854.wav,TEST VO8HN VO8HN TEST VO8HN F9KF 599 66 TU 599 23 VO8HN TU QRZ? F9KF,IARU,qso,24,clean,43.1888125
855,morse_000855.wav,TEST RZ4TBK RZ4TBK TEST,NAQP,cq,26,contest_poor,10.6953125
856,morse_000856.wav,TEST EC6UXA EC6UXA TEST EC6UXA T932 A 16 EMA ZV1DR TU 3661 A 80 LA EC6UXA TU QRZ? ZV1DR,SWEEPSTAKES,qso,40,clean,31.2965625
857,morse_000857.wav,WM9TC 599 31,CQWW,exchange,20,contest_good,11.0530625
858,morse_000858.wav,CQ CQ CQ DE WS6YSP WS6YSP WS6YSP WS6YSP DE3AD 599 7T988 599 7591 GL 73 GL DE3AD TEST,CQWPX,qso,24,contest_good,54.4135625
859,morse_000859.wav,TEST GU7ZMI GU7ZMI TEST GU7ZMI 2T651 TOM HI EA3AR CALL? GU7ZMI 2T651 TOM HI EA3AR R 4169 JIM DC TU 73 GL EA3AR TEST,SPRINT,qso,30,contest_good,52.3293125
860,morse_000860.wav,CQ TEST CQ TEST DE PU9GG PU9GG K,FIELD_DAY,cq,19,contest_poor,23.3051875
861,morse_000861.wav,JK5TL 5966 KATE CO,SPRINT,exchange,34,contest_moderate,7.908375
862,morse_000862.wav,CQ CQ CQ DE DI1VI DI1VI DI1VI,CQWPX,cq,27,contest_good,16.073875
863,morse_000863.wav,CQ TEST CQ TEST DE IW4VY IW4VY K,ARRLDX,cq,27,dx_expedition,16.4349375
864,morse_000864.wav,JM4SQ 599 2T575,CQWPX,exchange,18,contest_moderate,14.26875
865,morse_000865.wav,CQ TEST CQ TEST DE EG5DCD EG5DCD K EG5DCD DE KM7SR 854 Q 55 PAC K QRZ? DE EG5DCD EG5DCD DE KM7SR 854 Q 55 PAC K 7766 B 90 KY GL QSL TU TEST KM7SR,SWEEPSTAKES,qso,32,contest_poor,64.7129375
866,morse_000866.wav,CQ TEST CQ TEST DE VO1NQ2 VO1NQ2 K,NAQP,cq,34,contest_poor,14.911
867,morse_000867.wav,TEST NJ9QAA NJ9QAA TEST,CQWPX,cq,19,contest_good,15.5366875
868,morse_000868.wav,RJ5SUG 3A AK,FIELD_DAY,exchange,23,clean,7.8525625
869,morse_000869.wav,CQ CQ CQ DE F6XXJ F6XXJ F6XXJ,SPRINT,cq,39,contest_poor,12.767375
870,morse_000870.wav,G0RY?,SPRINT,partial,28,contest_good,3.7234375
871,morse_000871.wav,TEST GU0OI GU0OI TEST GU0OI VE6OSG 599 100 QRZ? DE GU0OI GU0OI VE6OSG 599 100 599 1500 GL 73 GL VE6OSG TEST,ARRLDX,qso,30,contest_good,56.0305
872,morse_000872.wav,IK5?,FIELD_DAY,partial,29,dx_expedition,2.3825625
873,morse_000873.wav,DI9N0 599 ?,ARRLDX,partial,22,dx_expedition,9.3288125
874,morse_000874.wav,CQ ARRLDX CQ ARRLDX DE DL7HJ DL7HJ K DL7HJ DE JL5YC 599 QRP K 599 1500 GL QSL TU TEST JL5YC,ARRLDX,qso,15,contest_moderate,93.9583125
875,morse_000875.wav,DA3JGL 1205 ?,SPRINT,partial,28,contest_moderate,8.61525
876,morse_000876.wav,CQ TEST CQ TEST DE F5WI F5WI K,SPRINT,cq,39,contest_moderate,10.5676875
877,morse_000877.wav,TEST DN6JY1 DN6JY1 TEST DN6JY1 F8KQ 3A NFL R 3F MO TU QSL TU TEST F8KQ,FIELD_DAY,qso,31,contest_good,33.1048125
878,morse_000878.wav,CQ CQ CQ DE EH2GR EH2GR EH2GR EH2GR JR5SXW 599 39 R 599 30 TU 73 GL JR5SXW TEST,CQWW,qso,20,dx_expedition,60.3826875
879,morse_000879.wav,IZ4S?,SWEEPSTAKES,partial,21,dx_expedition,4.0148125
880,morse_000880.wav,TEST JR2KY JR2KY TEST JR2KY DE IU3JXX 3A QC K 2C OH GL TU QRZ? IU3JXX,FIELD_DAY,qso,15,contest_good,69.1159375
881,morse_000881.wav,EE5UZ4 9A VT,FIELD_DAY,exchange,40,clean,4.4479375
882,morse_000882.wav,DQ8T?,NAQP,partial,33,contest_moderate,2.7823125
883,morse_000883.wav,LU0PJY 599 28,CQWW,exchange,37,contest_moderate,6.986125
884,morse_000884.wav,CQ TEST CQ TEST DE IQ6KDL IQ6KDL K,SPRINT,cq,35,contest_good,13.08825
885,morse_000885.wav,CQ CQ CQ DE JC7IN JC7IN JC7IN JC7IN DE DG1ZEZ 599 37 K JC7IN AGN JC7IN DE DG1ZEZ 599 37 K TU 599 23 JC7IN QSL TU CQWW DG1ZEZ,CQWW,qso,38,contest_good,51.0218125
886,morse_000886.wav,CQ TEST CQ TEST DE GJ5FFT GJ5FFT K,CQWPX,cq,28,contest_moderate,16.104
887,morse_000887.wav,KF0N2 BEN MT,NAQP,exchange,24,dx_expedition,7.6483125
888,morse_000888.wav,CQ CQ CQ DE AJ3FW AJ3FW AJ3FW AJ3FW 599 13 JP8Q8 R 599 89 TU 73 GL JP8Q8 TEST,IARU,qso,16,dx_expedition,79.4758125
889,morse_000889.wav,TEST M31A5 M31A5 TEST,CQWW,cq,22,dx_expedition,12.5876875
890,morse_000890.wav,CQ TEST CQ TEST DE JI2XR JI2XR K,NAQP,cq,23,clean,19.514625
891,morse_000891.wav,NN5C 10A ?,FIELD_DAY,partial,39,contest_good,4.7311875
892,morse_000892.wav,TEST DB1L9 DB1L9 TEST,ARRLDX,cq,23,contest_moderate,12.475125
893,morse_000893.wav,CQ TEST CQ TEST DE VK2HQ VK2HQ K VK2HQ DF7VD 6T933 B 46 MO TU 7409 M 65 EPA VK2HQ TU QRZ? DF7VD,SWEEPSTAKES,qso,32,contest_poor,45.42875
894,morse_000894.wav,CQ TEST CQ TEST DE EC4KBE EC4KBE K,SPRINT,cq,34,clean,12.698625
895,morse_000895.wav,NU7XPF 881 ?,SPRINT,partial,31,clean,7.3144375
896,morse_000896.wav,NM?,FIELD_DAY,partial,25,clean,2.0263125
897,morse_000897.wav,EG5CXS ANN NY,NAQP,exchange,22,clean,8.0145
898,morse_000898.wav,CQ CQ CQ DE ED8RC ED8RC ED8RC ED8RC DF9UMC 3A MAR 2B OR GL TU QRZ? DF9UMC,FIELD_DAY,qso,33,contest_moderate,32.974625
899,morse_000899.wav,WM5X 599 64,IARU,exchange,32,clean,6.34425
900,morse_000900.wav,TEST RC3SW RC3SW TEST RC3SW 599 4063 DK1PX 599 999 GL 73 GL DK1PX TEST,CQWPX,qso,34,dx_expedition,32.0175625
901,morse_000901.wav,CQ CQ CQ DE VA2LC VA2LC VA2LC,ARRLDX,cq,35,dx_expedition,13.5906875
902,morse_000902.wav,CQ TEST CQ TEST DE M16ES M16ES K,CQWW,cq,24,contest_good,18.0574375
903,morse_000903.wav,F3TC 2094 ANN MD,SPRINT,exchange,32,clean,8.601125
904,morse_000904.wav,VA1DTP 599 ?,ARRLDX,partial,27,dx_expedition,7.7871875
905,morse_000905.wav,IU4FRH KATE IN,NAQP,exchange,38,contest_poor,4.6849375
906,morse_000906.wav,CQ CQ CQ DE IZ7NZ2 IZ7NZ2 IZ7NZ2 IZ7NZ2 IW8UVR LYNN OH GEORGE IN GL 73 GL IW8UVR TEST,NAQP,qso,36,contest_good,34.4569375
907,morse_000907.wav,RP7RD 599 ?,IARU,partial,29,contest_good,6.7234375
908,morse_000908.wav,CQ NAQP CQ NAQP DE JF9JOP JF9JOP K JF9JOP PETE MO JR8TA TU JOE AR JF9JOP TU QRZ? JR8TA,NAQP,qso,38,contest_moderate,35.568125
909,morse_000909.wav,CQ CQ CQ DE DI8RGQ DI8RGQ DI8RGQ,SWEEPSTAKES,cq,39,clean,12.798
910,morse_000910.wav,IK2EC?,SPRINT,partial,36,contest_good,2.8505
911,morse_000911.wav,CQ TEST CQ TEST DE NQ4K NQ4K K NQ4K 589 9 JF5JR TU 599 10 NQ4K QSL TU TEST JF5JR,CQWW,qso,20,clean,59.8476875
912,morse_000912.wav,JL8QJH 599 6951,CQWPX,exchange,18,dx_expedition,15.905625
913,morse_000913.wav,AK7AL DAVE TN,NAQP,exchange,28,dx_expedition,5.8770625
914,morse_000914.wav,TEST DA3EC DA3EC TEST DA3EC 579 4 M36DM TU 599 1 DA3EC QSL TU CQWW M36DM,CQWW,qso,28,clean,36.65575
915,morse_000915.wav,TEST JQ3RRZ JQ3RRZ TEST,ARRLDX,cq,32,contest_good,10.2813125
916,morse_000916.wav,TEST I2PPJ I2PPJ TEST I2PPJ DE RN0NEW 599 46 K I2PPJ AGN I2PPJ DE RN0NEW 599 46 K 599 49 GL 73 GL RN0NEW TEST,IARU,qso,36,contest_poor,45.5283125
917,morse_000917.wav,KW6?,FIELD_DAY,partial,27,contest_poor,2.913375
918,morse_000918.wav,TEST F2DXT F2DXT TEST,CQWW,cq,27,contest_good,9.83425
919,morse_000919.wav,AZ1CQ?,FIELD_DAY,partial,19,dx_expedition,6.23575
920,morse_000920.wav,JK5ENG FRED VA,NAQP,exchange,23,clean,8.1973125
921,morse_000921.wav,CQ TEST CQ TEST DE VO0XO VO0XO K VO0XO DE VE2CKC 4A EWA K CALL? VO0XO DE VE2CKC 4A EWA K 1A SD GL TU QRZ? VE2CKC,FIELD_DAY,qso,31,contest_good,53.7579375
922,morse_000922.wav,TEST EE6HC EE6HC TEST EE6HC 599 66 LS4NU TU 599 72 EE6HC TU QRZ? LS4NU,IARU,qso,23,contest_moderate,41.2073125
923,morse_000923.wav,CQ CQ CQ DE WX5F WX5F WX5F WX5F ED9CD DAVE WA R DAN OH TU TU QRZ? ED9CD,NAQP,qso,22,clean,47.6679375
924,morse_000924.wav,TEST GI2WT GI2WT TEST GI2WT LQ4IWI STEVE VT TU JOE OH GI2WT 73 GL LQ4IWI TEST,NAQP,qso,19,contest_moderate,52.1424375
925,morse_000925.wav,VK3WSL 1A WY,FIELD_DAY,exchange,21,contest_good,9.0359375
926,morse_000926.wav,GJ2VK?,FIELD_DAY,partial,15,clean,7.498
927,morse_000927.wav,UD5EC 9A STX,FIELD_DAY,exchange,25,contest_poor,6.81525
928,morse_000928.wav,CQ TEST CQ TEST DE ZV0OOZ ZV0OOZ K,FIELD_DAY,cq,29,dx_expedition,17.4006875
929,morse_000929.wav,CQ CQ CQ DE EC6LQ EC6LQ EC6LQ EC6LQ DE F2KPV 4B MN K 2A IA GL QSL TU TEST F2KPV,FIELD_DAY,qso,21,contest_good,54.7408125
930,morse_000930.wav,I1IB 599 ?,ARRLDX,partial,24,dx_expedition,7.51075
931,morse_000931.wav,TEST JN1ICG JN1ICG TEST,SPRINT,cq,15,contest_poor,19.793875
932,morse_000932.wav,CQ TEST CQ TEST DE I9VRK I9VRK K,NAQP,cq,31,contest_moderate,13.9879375
933,morse_000933.wav,CQ CQ CQ DE EB1SYF EB1SYF EB1SYF EB1SYF DE ZV0HPU 599 35 K TU 599 25 EB1SYF 73 GL ZV0HPU TEST,CQWW,qso,33,contest_moderate,44.01775
934,morse_000934.wav,LQ6XLZ 599 15,CQWW,exchange,16,clean,14.99825
935,morse_000935.wav,JA8JE 4A ND,FIELD_DAY,exchange,24,contest_good,6.85875
936,morse_000936.wav,CQ TEST CQ TEST DE WA9T WA9T K WA9T KATE OH I7HK QRZ? DE WA9T WA9T KATE OH I7HK R LARRY DC TU QSL TU TEST I7HK,NAQP,qso,33,contest_moderate,44.906125
937,morse_000937.wav,TEST JD4ZN JD4ZN TEST JD4ZN 580 A 61 LA DL1DG CALL? JD4ZN 580 A 61 LA DL1DG TU 2T465 A 61 IL JD4ZN 73 GL DL1DG TEST,SWEEPSTAKES,qso,28,clean,61.755875
938,morse_000938.wav,M3DMI 599 3T244,CQWPX,exchange,21,clean,11.6861875
939,morse_000939.wav,KK9ANK 599 88,IARU,exchange,28,clean,8.3991875
940,morse_000940.wav,RX9SWZ 3350 JANE NV,SPRINT,exchange,35,contest_good,8.556625
941,morse_000941.wav,TEST DF2FQ DF2FQ TEST DF2FQ DA0QL 599 1500 QRZ? DE DF2FQ DF2FQ DA0QL 599 1500 R 599 100 TU 73 GL DA0QL TEST,ARRLDX,qso,22,contest_good,79.3498125
942,morse_000942.wav,NE3VI 9208 JIM SC,SPRINT,exchange,36,dx_expedition,7.96025
943,morse_000943.wav,KV9S 569 SC,ARRLDX,exchange,23,clean,7.821375
944,morse_000944.wav,TEST NJ7R NJ7R TEST,ARRLDX,cq,22,contest_moderate,10.749625
945,morse_000945.wav,TEST JP5THF JP5THF TEST,FIELD_DAY,cq,34,contest_good,8.563125
946,morse_000946.wav,CQ TEST CQ TEST DE ED3NF ED3NF K,SPRINT,cq,38,contest_good,10.917625
947,morse_000947.wav,NM0U 7B ?,FIELD_DAY,partial,21,contest_poor,7.586625
948,morse_000948.wav,CQ CQ CQ DE DR9KC DR9KC DR9KC,NAQP,cq,33,dx_expedition,14.8308125
949,morse_000949.wav,DH3WAJ 599 ?,ARRLDX,partial,37,contest_good,6.1284375
950,morse_000950.wav,NQ9CGI 5807 FRANK GA,SPRINT,exchange,37,clean,8.9620625
951,morse_000951.wav,VA8RQ 599 ?,IARU,partial,40,contest_poor,5.562125
952,morse_000952.wav,CQ CQ CQ DE DQ5BUD DQ5BUD DQ5BUD,SWEEPSTAKES,cq,22,dx_expedition,22.2281875
953,morse_000953.wav,IZ9HS 599 16,IARU,exchange,21,dx_expedition,10.509375
954,morse_000954.wav,CQ TEST CQ TEST DE JN3WPX JN3WPX K JN3WPX 474 LARRY VA VY7WT R 2T894 FRANK MI TU QSL TU SPRINT VY7WT,SPRINT,qso,35,contest_poor,40.915
955,morse_000955.wav,CQ TEST CQ TEST DE JC6J6 JC6J6 K JC6J6 DE NP1AZY JANE WA K R JIM MA TU TU QRZ? NP1AZY,NAQP,qso,23,dx_expedition,53.9088125
956,morse_000956.wav,CQ CQ CQ DE JQ1DVZ JQ1DVZ JQ1DVZ JQ1DVZ UH5F9 2A IL QRZ? DE JQ1DVZ JQ1DVZ UH5F9 2A IL 2A ORG GL TU QRZ? UH5F9,FIELD_DAY,qso,31,dx_expedition,57.408
957,morse_000957.wav,CQ TEST CQ TEST DE KS8YF KS8YF K KS8YF DE DC8OZ 8E PAC K TU 2D VT KS8YF TU QRZ? DC8OZ,FIELD_DAY,qso,35,dx_expedition,35.7386875
958,morse_000958.wav,TEST VA6FMX VA6FMX TEST VA6FMX IW1CRF GARY ID FRANK MT GL QSL TU TEST IW1CRF,NAQP,qso,39,contest_moderate,26.1546875
959,morse_000959.wav,DK5TTS 5991 ?,SPRINT,partial,40,contest_good,5.7975625
960,morse_000960.wav,CQ TEST CQ TEST DE ZX3UI ZX3UI K ZX3UI 599 KW VO1ZDN QRZ? DE ZX3UI ZX3UI 599 KW VO1ZDN TU 599 1500 ZX3UI 73 GL VO1ZDN TEST,ARRLDX,qso,25,contest_poor,74.58625
961,morse_000961.wav,CQ TEST CQ TEST DE NN6ORP NN6ORP K,IARU,cq,16,clean,27.743625
962,morse_000962.wav,F4FD?,NAQP,partial,21,dx_expedition,4.143375
963,morse_000963.wav,TEST JJ1IS JJ1IS TEST JJ1IS DE EF6QYK 599 KW K R 599 1500 TU TU QRZ? EF6QYK,ARRLDX,qso,16,contest_poor,71.4855625
964,morse_000964.wav,DI5QQ 3063 B 83 OH,SWEEPSTAKES,exchange,38,contest_moderate,8.7005
965,morse_000965.wav,CQ CQ CQ DE VE0EZQ VE0EZQ VE0EZQ VE0EZQ DE DR7FBI 599 40 K R 559 86 TU QSL TU TEST DR7FBI,IARU,qso,40,clean,33.485125
966,morse_000966.wav,TEST KG7R KG7R TEST KG7R T796 PETE IN VK8FNR KG7R AGN KG7R T796 PETE IN VK8FNR R 4578 GEORGE RI TU 73 GL VK8FNR TEST,SPRINT,qso,22,dx_expedition,71.973
967,morse_000967.wav,CQ TEST CQ TEST DE WR8O WR8O K,FIELD_DAY,cq,15,contest_moderate,27.6721875
968,morse_000968.wav,CQ CQ CQ DE NO6PO NO6PO NO6PO,SPRINT,cq,24,dx_expedition,19.26875
969,morse_000969.wav,CQ SWEEPSTAKES CQ SWEEPSTAKES DE VK6OE VK6OE K VK6OE DE NB9OX 32 A 99 RI K TU 8796 B 31 SFL VK6OE QSL TU TEST NB9OX,SWEEPSTAKES,qso,30,contest_moderate,53.81325
970,morse_000970.wav,TEST JN0VB0 JN0VB0 TEST,NAQP,cq,34,contest_moderate,10.0879375
971,morse_000971.wav,KI0HQP 10B ?,FIELD_DAY,partial,16,clean,13.8871875
972,morse_000972.wav,TEST NZ3K NZ3K TEST NZ3K 599 100 F0KDT 599 AZ GL TU QRZ? F0KDT,ARRLDX,qso,35,contest_moderate,27.8375
973,morse_000973.wav,CQ CQWPX CQ CQWPX DE JF5TJL JF5TJL K JF5TJL 599 4000 VK0OJQD 569 2815 GL QSL TU TEST VK0OJQD,CQWPX,qso,32,contest_poor,47.203875
974,morse_000974.wav,TEST JL8OM6 JL8OM6 TEST,CQWPX,cq,40,contest_good,7.99175
975,morse_000975.wav,VE3E?,SWEEPSTAKES,partial,32,contest_good,2.5276875
976,morse_000976.wav,JL9M?,FIELD_DAY,partial,29,contest_good,3.9088125
977,morse_000977.wav,JE?,IARU,partial,34,contest_moderate,1.7251875
978,morse_000978.wav,WQ6XDK 599 22,IARU,exchange,29,contest_good,8.338125
979,morse_000979.wav,JN9JK 6901 LIZ PA,SPRINT,exchange,21,contest_good,14.3635625
980,morse_000980.wav,M35NL 1830 ?,SWEEPSTAKES,partial,39,clean,5.932875
981,morse_000981.wav,EC3AGO 599 ?,ARRLDX,partial,34,dx_expedition,6.13775
982,morse_000982.wav,EA7HUB BEN ?,NAQP,partial,21,contest_moderate,7.4899375
983,morse_000983.wav,DK0YL2 JOHN ?,NAQP,partial,39,dx_expedition,6.4695625
984,morse_000984.wav,CQ CQ CQ DE LS9HR LS9HR LS9HR LS9HR DE F2CFQ LIZ VT K F2CF? F2CF? LS9HR DE F2CFQ LIZ VT K TU GARY MO LS9HR TU QRZ? F2CFQ,NAQP,qso,24,contest_moderate,76.0051875
985,morse_000985.wav,DK5B1 589 KW,ARRLDX,exchange,32,contest_moderate,6.780875
986,morse_000986.wav,JJ9?,ARRLDX,partial,25,dx_expedition,4.13625
987,morse_000987.wav,CQ CQ CQ DE EB7HB EB7HB EB7HB,SPRINT,cq,33,contest_moderate,13.271875
988,morse_000988.wav,CQ CQ CQ DE AE3RFF AE3RFF AE3RFF AE3RFF F4K5 599 36 R 569 12 TU TU QRZ? F4K5,CQWW,qso,20,contest_poor,57.8191875
989,morse_000989.wav,PY2?,CQWW,partial,22,contest_poor,3.9628125
990,morse_000990.wav,CQ TEST CQ TEST DE LQ4MBC LQ4MBC K LQ4MBC DE RI2SG 5277 STEVE MT K 2T318 BEN AL GL TU QRZ? RI2SG,SPRINT,qso,30,clean,45.86175
991,morse_000991.wav,LT?,NAQP,partial,31,contest_poor,2.0510625
992,morse_000992.wav,IU5WC 3T584 ?,SWEEPSTAKES,partial,22,contest_moderate,9.7273125
993,morse_000993.wav,CQ TEST CQ TEST DE F9F6 F9F6 K F9F6 9T621 B 38 VT EH2SF F9F6 AGN F9F6 9T621 B 38 VT EH2SF TU 2633 M 15 SNJ F9F6 TU QRZ? EH2SF,SWEEPSTAKES,qso,35,contest_good,55.2960625
994,morse_000994.wav,TEST DG0PP DG0PP TEST DG0PP VK0XWCE 3584 B 95 AB 4T967 B 77 AB GL 73 GL VK0XWCE TEST,SWEEPSTAKES,qso,27,dx_expedition,46.940375
995,morse_000995.wav,CQ TEST CQ TEST DE DR1OYA DR1OYA K,ARRLDX,cq,30,dx_expedition,15.7166875
996,morse_000996.wav,I9T1 559 ?,CQWW,partial,39,contest_good,5.105125
997,morse_000997.wav,CQ TEST CQ TEST DE RV0KYM RV0KYM K RV0KYM WN4SL 599 MN 569 KW GL 73 GL WN4SL TEST,ARRLDX,qso,20,contest_good,59.528125
998,morse_000998.wav,M53VR 2B ?,FIELD_DAY,partial,38,contest_moderate,4.802
999,morse_000999.wav,CQ CQ CQ DE JP5TTF JP5TTF JP5TTF,SWEEPSTAKES,cq,33,contest_good,14.5719375
